2.277654674,-4.555309348,-54.97787144
2.227389191,-5.026548246,-47.1238898
2.177123709,-5.497787144,-62.83185307
2.117433449,-6.283185307,-62.83185307
2.051460003,-6.754424205,-54.97787144
1.982344964,-7.382742736,-70.68583471
1.903805148,-8.168140899,-70.68583471
1.818982146,-8.79645943,-70.68583471
1.727875959,-9.581857593,-78.53981634
1.627344995,-10.36725576,-70.68583471
1.520530844,-10.99557429,-62.83185307
1.407433509,-11.62389282,-62.83185307
1.288052988,-12.25221135,-62.83185307
1.162389282,-12.88052988,-70.68583471
1.03044239,-13.66592804,-62.83185307
0.889070721,-14.13716694,-39.26990817
0.747699052,-14.45132621,-31.41592654
0.600044197,-14.76548547,-15.70796327
0.452389342,-14.76548547,7.853981634
0.304734487,-14.60840584,15.70796327
0.160221225,-14.45132621,23.5619449
0.015707963,-14.13716694,39.26990817
-0.122522113,-13.66592804,54.97787144
-0.257610598,-13.03760951,78.53981634
-0.383274304,-12.09513172,102.1017612
-0.499513232,-10.99557429,109.9557429
-0.603185789,-9.896016859,102.1017612
-0.697433569,-8.953539063,109.9557429
-0.782256571,-7.696902001,125.6637061
-0.851371609,-6.44026494,125.6637061
-0.91106187,-5.183627878,133.5176878
-0.955044167,-3.769911184,141.3716694
-0.986460093,-2.35619449,133.5176878
-1.002168056,-1.099557429,117.8097245
-1.008451242,0,102.1017612
-1.002168056,0.942477796,86.39379797
-0.989601686,1.727875959,70.68583471
-0.967610537,2.35619449,47.1238898
-0.942477796,2.670353756,47.1238898
-0.914203462,3.298672286,62.83185307
-0.87650435,3.926990817,47.1238898
-0.835663646,4.241150082,39.26990817
-0.791681349,4.71238898,54.97787144
-0.741415866,5.340707511,47.1238898
-0.684867198,5.654866776,23.5619449
-0.628318531,5.811946409,23.5619449
-0.56862827,6.126105675,31.41592654
-0.505796417,6.44026494,23.5619449
-0.439822972,6.597344573,15.70796327
-0.373849526,6.754424205,15.70796327
-0.304734487,6.911503838,-1.33E-13
-0.235619449,6.754424205,-15.70796327
-0.169646003,6.597344573,-7.853981634
-0.103672558,6.597344573,-7.853981634
-0.037699112,6.44026494,-23.5619449
0.025132741,6.126105675,-31.41592654
0.084823002,5.811946409,-39.26990817
0.141371669,5.340707511,-47.1238898
0.191637152,4.869468613,-39.26990817
0.238761042,4.555309348,-39.26990817
0.282743339,4.08407045,-54.97787144
0.320442451,3.455751919,-62.83185307
0.351858377,2.827433388,-62.83185307
0.376991118,2.199114858,-62.83185307
0.395840674,1.570796327,-62.83185307
0.408407045,0.942477796,-54.97787144
0.41469023,0.471238898,-54.97787144
0.417831823,-0.157079633,-54.97787144
0.411548638,-0.628318531,-23.5619449
0.405265452,-0.628318531,-15.70796327
0.398982267,-0.942477796,-31.41592654
0.386415896,-1.256637061,-15.70796327
0.373849526,-1.256637061,-15.70796327
0.361283155,-1.570796327,-23.5619449
0.342433599,-1.727875959,-15.70796327
0.326725636,-1.884955592,-15.70796327
0.304734487,-2.042035225,-7.853981634
0.285884931,-2.042035225,-7.853981634
0.263893783,-2.199114858,-7.853981634
0.241902634,-2.199114858,0
0.219911486,-2.199114858,0
0.197920337,-2.199114858,-6.7E-14
0.175929189,-2.199114858,6.7E-14
0.15393804,-2.199114858,2.2E-14
0.131946891,-2.199114858,7.853981634
0.109955743,-2.042035225,15.70796327
0.091106187,-1.884955592,15.70796327
0.072256631,-1.727875959,15.70796327
0.056548668,-1.570796327,15.70796327
0.040840704,-1.413716694,15.70796327
0.028274334,-1.256637061,15.70796327
0.015707963,-1.099557429,15.70796327
0.006283185,-0.942477796,23.5619449
-0.003141593,-0.628318531,23.5619449
-0.006283185,-0.471238898,15.70796327
-0.012566371,-0.314159265,23.5619449
-0.012566371,0,15.70796327
-0.012566371,0,0
-0.012566371,0,0
-0.012566371,0,0
-0.012566371,0,0
-0.012566371,0,0
-0.012566371,0,0
-0.012566371,0,0
-0.012566371,0,0
-0.012566371,0,0
-0.012566371,0,0
-0.012566371,0,0
-0.012566371,0,0
-0.012566371,0,0
-0.012566371,0,0
-0.012566371,0,0
-0.012566371,0,0
-0.012566371,0,0
-0.012566371,0,0
-0.012566371,0,0
-0.012566371,0,0
-0.012566371,0,0
-0.012566371,0,0
-0.012566371,0,0
-0.012566371,0,0
-0.012566371,0,0
-0.012566371,0,0
-0.012566371,0,0
-0.012566371,0,0
-0.012566371,0,0
-0.012566371,0,0
-0.012566371,0,0
-0.012566371,0,0
-0.012566371,0,0
-0.012566371,0,0
-0.012566371,0,0
-0.012566371,0,0
-0.012566371,0,0
-0.012566371,0,0
-0.012566371,0,0
-0.012566371,0,0
-0.012566371,0,0
-0.012566371,0,0
-0.012566371,0,0
-0.012566371,0,0
-0.012566371,0,0
-0.012566371,0,0
-0.012566371,0,0
-0.012566371,0,0
-0.012566371,0,0
-0.012566371,0,0
-0.012566371,0,0
-0.012566371,0,0
-0.012566371,0,0
-0.012566371,0,0
-0.012566371,0,0
-0.012566371,0,0
-0.012566371,0,0
-0.012566371,0,0
-0.012566371,0,0
-0.012566371,0,0
-0.012566371,0,0
-0.012566371,0,0
-0.012566371,0,0
-0.012566371,0,0
-0.012566371,0,0
-0.012566371,0,0
-0.012566371,0,0
-0.012566371,0,0
-0.012566371,0,0
-0.012566371,0,0
-0.012566371,0,0
-0.012566371,0,0
-0.012566371,0,0
-0.012566371,0,0
-0.012566371,0,0
-0.012566371,0,0
-0.012566371,0,0
-0.012566371,0,0
-0.012566371,0,0
-0.012566371,0,0
-0.012566371,0,0
-0.012566371,0,0
-0.012566371,0,0
-0.012566371,0,0
-0.012566371,0,0
-0.012566371,0,0
-0.012566371,0,0
-0.012566371,0,0
-0.012566371,0,0
-0.012566371,0,0
-0.012566371,0,0
-0.012566371,0,0
-0.012566371,0,0
-0.012566371,0,0
-0.012566371,0,0
-0.012566371,0,0
-0.012566371,0,0
-0.012566371,0,0
-0.012566371,0,0
-0.012566371,0,0
-0.012566371,0,0
-0.012566371,0,0
-0.012566371,0,0
-0.012566371,0,0
-0.012566371,0,0
-0.012566371,0,0
-0.012566371,0,0
-0.012566371,0,0
-0.012566371,0,0
-0.012566371,0,0
-0.012566371,0,0
-0.012566371,0,0
-0.012566371,0,0
-0.012566371,0,0
-0.012566371,0,0
-0.012566371,0,0
-0.012566371,0,0
-0.012566371,0,0
-0.012566371,0,0
-0.012566371,0,0
-0.012566371,0,0
-0.012566371,0,0
-0.012566371,0,0
-0.012566371,0,0
-0.012566371,0,0
-0.012566371,0,0
-0.012566371,0,0
-0.012566371,0,0
-0.012566371,0,0
-0.012566371,0,0
-0.012566371,0,0
-0.012566371,0,0
-0.012566371,0,0
-0.012566371,0,0
-0.012566371,0,0
-0.012566371,0,0
-0.012566371,0,0
-0.012566371,0,0
-0.012566371,0,0
-0.012566371,0,0
-0.012566371,0,0
-0.012566371,0,0
-0.012566371,0,0
-0.012566371,0,0
-0.012566371,0,0
-0.012566371,0,0
-0.012566371,0,0
-0.012566371,0,0
-0.012566371,0,0
-0.012566371,0,0
-0.012566371,0,0
-0.012566371,0,0
-0.012566371,0,0
-0.012566371,0,0
-0.012566371,0,0
-0.012566371,0,0
-0.012566371,0,0
-0.012566371,0,0
-0.012566371,0,0
-0.012566371,0,0
-0.012566371,0,0
-0.012566371,0,0
-0.012566371,0,0
-0.012566371,0,0
-0.012566371,0,0
-0.012566371,0,0
-0.012566371,0,0
-0.012566371,0,0
-0.012566371,0,0
-0.012566371,0,0
-0.012566371,0,0
-0.012566371,0,0
-0.012566371,0,0
-0.012566371,0,0
-0.012566371,0,0
-0.012566371,0,0
-0.012566371,0,0
-0.012566371,0,0
-0.012566371,0,0
-0.012566371,0,0
-0.012566371,0,0
-0.012566371,0,0
-0.012566371,0,0
-0.012566371,0,0
-0.012566371,0,0
-0.012566371,0,0
-0.012566371,0,0
-0.012566371,0,0
-0.012566371,0,0
-0.012566371,0,0
-0.012566371,0,0
-0.012566371,0,0
-0.012566371,0,0
-0.012566371,0,0
-0.012566371,0,0
-0.012566371,0,0
-0.012566371,0,0
-0.012566371,0,0
-0.012566371,0,0
-0.012566371,0,0
-0.012566371,0,0
-0.012566371,0,0
-0.012566371,0,0
-0.012566371,0,0
-0.012566371,0,0
-0.012566371,0,0
-0.012566371,0,0
-0.012566371,0,0
-0.012566371,0,0
-0.012566371,0,0
-0.012566371,0,0
-0.012566371,0,0
-0.012566371,0,0
-0.012566371,0,0
-0.012566371,0,0
-0.012566371,0,0
-0.012566371,0,0
-0.012566371,0,0
-0.012566371,0,0
-0.012566371,0,0
-0.012566371,0,0
-0.012566371,0,0
-0.012566371,0,0
-0.012566371,0,0
-0.012566371,0,0
-0.012566371,0,0
-0.012566371,0,0
-0.012566371,0,0
-0.012566371,0,0
-0.012566371,0,0
-0.012566371,0,0
-0.012566371,0,0
-0.012566371,0,0
-0.012566371,0,0
-0.012566371,0,0
-0.012566371,0,0
-0.012566371,0,0
-0.012566371,0,0
-0.012566371,0,0
-0.012566371,0,0
-0.012566371,0,0
-0.012566371,0,0
-0.012566371,0,0
-0.012566371,0,0
-0.012566371,0,0
-0.012566371,0,0
-0.012566371,0,0
-0.012566371,0,0
-0.012566371,0,0
-0.012566371,0,0
-0.012566371,0,0
-0.012566371,0,0
-0.012566371,0,0
-0.012566371,0,0
-0.012566371,0,0
-0.012566371,0,0
-0.012566371,0,0
-0.012566371,0,0
-0.012566371,0,0
-0.012566371,0,0
-0.012566371,0,0
-0.012566371,0,0
-0.012566371,0,0
-0.012566371,0,0
-0.012566371,0,0
-0.012566371,0,0
-0.012566371,0,0
-0.012566371,0,0
-0.012566371,0,0
-0.012566371,0,0
-0.012566371,0,0
-0.012566371,0,0
-0.012566371,0,0
-0.012566371,0,0
-0.012566371,0,0
-0.012566371,0,0
-0.012566371,0,0
-0.012566371,0,0
-0.012566371,0,0
-0.012566371,0,0
-0.012566371,0,0
-0.012566371,0,0
-0.012566371,0,0
-0.012566371,0,0
-0.012566371,0,0
-0.012566371,0,0
-0.012566371,0,0
-0.012566371,0,0
-0.012566371,0,0
-0.012566371,0,0
-0.012566371,0,0
-0.012566371,0,0
-0.012566371,0,0
-0.012566371,0,0
-0.012566371,0,0
-0.012566371,0,0
-0.012566371,0,0
-0.012566371,0,0
-0.012566371,0,0
-0.012566371,0,0
-0.012566371,0,0
-0.012566371,0,0
-0.012566371,0,0
-0.012566371,0,0
-0.012566371,0,0
-0.012566371,0,0
-0.012566371,0,0
-0.012566371,0,0
-0.012566371,0,0
-0.012566371,0,0
-0.012566371,0,0
-0.012566371,0,0
-0.012566371,0,0
-0.012566371,0,0
-0.012566371,0,0
-0.012566371,0,0
-0.012566371,0,0
-0.012566371,0,0
-0.012566371,0,0
-0.012566371,0,0
-0.012566371,0,0
-0.012566371,0,0
-0.012566371,0,0
-0.012566371,0,0
-0.012566371,0,0
-0.012566371,0,0
-0.012566371,0,0
-0.012566371,0,0
-0.012566371,0,0
-0.012566371,0,0
-0.012566371,0,0
-0.012566371,0,0
-0.012566371,0,0
-0.012566371,0,0
-0.012566371,0,0
-0.012566371,0,0
-0.012566371,0,0
-0.012566371,0,0
-0.012566371,0,0
-0.012566371,0,0
-0.012566371,0,0
-0.012566371,0,0
-0.012566371,0,0
-0.012566371,0,0
-0.012566371,0,0
2.535265271,-3.298672286,-39.26990817
2.500707752,-3.612831552,-31.41592654
2.46300864,-3.926990817,-39.26990817
2.422167936,-4.398229715,-54.97787144
2.375044046,-5.026548246,-54.97787144
2.321636971,-5.497787144,-47.1238898
2.265088303,-5.969026042,-47.1238898
2.20225645,-6.44026494,-54.97787144
2.136283004,-7.068583471,-62.83185307
2.060884781,-7.696902001,-62.83185307
1.982344964,-8.325220532,-70.68583471
1.89438037,-9.110618695,-70.68583471
1.800132591,-9.738937226,-70.68583471
1.699601626,-10.52433539,-78.53981634
1.589645883,-11.30973355,-62.83185307
1.473406955,-11.78097245,-62.83185307
1.354026434,-12.56637061,-78.53981634
1.222079542,-13.35176878,-62.83185307
1.086991058,-13.82300768,-47.1238898
0.945619389,-14.29424657,-47.1238898
0.801106127,-14.76548547,-39.26990817
0.650309679,-15.07964474,-23.5619449
0.499513232,-15.23672437,-7.853981634
0.345575192,-15.23672437,15.70796327
0.194778745,-14.9225651,31.41592654
0.04712389,-14.60840584,39.26990817
-0.097389372,-14.13716694,62.83185307
-0.235619449,-13.35176878,86.39379797
-0.364424748,-12.40929098,94.24777961
-0.483805269,-11.46681319,94.24777961
-0.593761012,-10.52433539,102.1017612
-0.694291976,-9.424777961,125.6637061
-0.782256571,-8.011061267,141.3716694
-0.854513202,-6.597344573,133.5176878
-0.914203462,-5.340707511,125.6637061
-0.961327352,-4.08407045,133.5176878
-0.995884871,-2.670353756,149.225651
-1.014734427,-1.099557429,133.5176878
-1.01787602,0,102.1017612
-1.014734427,0.942477796,86.39379797
-0.999026464,1.727875959,62.83185307
-0.980176908,2.199114858,54.97787144
-0.955044167,2.827433388,54.97787144
-0.92362824,3.298672286,54.97787144
-0.889070721,3.926990817,54.97787144
-0.845088424,4.398229715,39.26990817
-0.801106127,4.71238898,47.1238898
-0.750840644,5.340707511,54.97787144
-0.694291976,5.811946409,31.41592654
-0.634601716,5.969026042,23.5619449
-0.574911456,6.283185307,31.41592654
-0.50893801,6.597344573,23.5619449
-0.442964564,6.754424205,15.70796327
-0.373849526,6.911503838,15.70796327
-0.304734487,7.068583471,7.853981634
-0.232477856,7.068583471,-7.853981634
-0.163362818,6.911503838,-15.70796327
-0.09424778,6.754424205,-15.70796327
-0.028274334,6.597344573,-15.70796327
0.037699112,6.44026494,-23.5619449
0.100530965,6.126105675,-39.26990817
0.160221225,5.654866776,-47.1238898
0.2136283,5.183627878,-39.26990817
0.263893783,4.869468613,-47.1238898
0.311017673,4.241150082,-62.83185307
0.348716785,3.612831552,-54.97787144
0.383274304,3.141592654,-54.97787144
0.411548638,2.513274123,-62.83185307
0.433539786,1.884955592,-62.83185307
0.449247749,1.256637061,-70.68583471
0.458672527,0.471238898,-62.83185307
0.458672527,0,-39.26990817
0.458672527,-0.314159265,-39.26990817
0.452389342,-0.785398163,-31.41592654
0.442964564,-0.942477796,-15.70796327
0.433539786,-1.099557429,-23.5619449
0.420973416,-1.413716694,-31.41592654
0.405265452,-1.727875959,-23.5619449
0.386415896,-1.884955592,-7.853981634
0.36756634,-1.884955592,-7.853981634
0.348716785,-2.042035225,-15.70796327
0.326725636,-2.199114858,-15.70796327
0.304734487,-2.35619449,-7.853981634
0.279601746,-2.35619449,-8.9E-14
0.257610598,-2.35619449,-7.853981634
0.232477856,-2.513274123,8.9E-14
0.207345115,-2.35619449,15.70796327
0.185353967,-2.199114858,0
0.163362818,-2.35619449,-8.9E-14
0.138230077,-2.199114858,15.70796327
0.119380521,-2.042035225,7.853981634
0.097389372,-2.042035225,15.70796327
0.078539816,-1.727875959,23.5619449
0.062831853,-1.570796327,15.70796327
0.04712389,-1.413716694,23.5619449
0.034557519,-1.099557429,23.5619449
0.025132741,-0.942477796,15.70796327
0.015707963,-0.785398163,15.70796327
0.009424778,-0.628318531,23.5619449
0.003141593,-0.314159265,31.41592654
0.003141593,0,15.70796327
0.003141593,0,0
0.003141593,0,0
0.003141593,0,0
0.003141593,0,0
0.003141593,0,0
0.003141593,0,0
0.003141593,0,0
0.003141593,0,0
0.003141593,0,0
0.003141593,0,0
0.003141593,0,0
0.003141593,0,0
0.003141593,0,0
0.003141593,0,0
0.003141593,0,0
0.003141593,0,0
0.003141593,0,0
0.003141593,0,0
0.003141593,0,0
0.003141593,0,0
0.003141593,0,0
0.003141593,0,0
0.003141593,0,0
0.003141593,0,0
0.003141593,0,0
0.003141593,0,0
0.003141593,0,0
0.003141593,0,0
0.003141593,0,0
0.003141593,0,0
0.003141593,0,0
0.003141593,0,0
0.003141593,0,0
0.003141593,0,0
0.003141593,0,0
0.003141593,0,0
0.003141593,0,0
0.003141593,0,0
0.003141593,0,0
0.003141593,0,0
0.003141593,0,0
0.003141593,0,0
0.003141593,0,0
0.003141593,0,0
0.003141593,0,0
0.003141593,0,0
0.003141593,0,0
0.003141593,0,0
0.003141593,0,0
0.003141593,0,0
0.003141593,0,0
0.003141593,0,0
0.003141593,0,0
0.003141593,0,0
0.003141593,0,0
0.003141593,0,0
0.003141593,0,0
0.003141593,0,0
0.003141593,0,0
0.003141593,0,0
0.003141593,0,0
0.003141593,0,0
0.003141593,0,0
0.003141593,0,0
0.003141593,0,0
0.003141593,0,0
0.003141593,0,0
0.003141593,0,0
0.003141593,0,0
0.003141593,0,0
0.003141593,0,0
0.003141593,0,0
0.003141593,0,0
0.003141593,0,0
0.003141593,0,0
0.003141593,0,0
0.003141593,0,0
0.003141593,0,0
0.003141593,0,0
0.003141593,0,0
0.003141593,0,0
0.003141593,0,0
0.003141593,0,0
0.003141593,0,0
0.003141593,0,0
0.003141593,0,0
0.003141593,0,0
0.003141593,0,0
0.003141593,0,0
0.003141593,0,0
0.003141593,0,0
0.003141593,0,0
0.003141593,0,0
0.003141593,0,0
0.003141593,0,0
0.003141593,0,0
0.003141593,0,0
0.003141593,0,0
0.003141593,0,0
0.003141593,0,0
0.003141593,0,0
0.003141593,0,0
0.003141593,0,0
0.003141593,0,0
0.003141593,0,0
0.003141593,0,0
0.003141593,0,0
0.003141593,0,0
0.003141593,0,0
0.003141593,0,0
0.003141593,0,0
0.003141593,0,0
0.003141593,0,0
0.003141593,0,0
0.003141593,0,0
0.003141593,0,0
0.003141593,0,0
0.003141593,0,0
0.003141593,0,0
0.003141593,0,0
0.003141593,0,0
0.003141593,0,0
0.003141593,0,0
0.003141593,0,0
0.003141593,0,0
0.003141593,0,0
0.003141593,0,0
0.003141593,0,0
0.003141593,0,0
0.003141593,0,0
0.003141593,0,0
0.003141593,0,0
0.003141593,0,0
0.003141593,0,0
0.003141593,0,0
0.003141593,0,0
0.003141593,0,0
0.003141593,0,0
0.003141593,0,0
0.003141593,0,0
0.003141593,0,0
0.003141593,0,0
0.003141593,0,0
0.003141593,0,0
0.003141593,0,0
0.003141593,0,0
0.003141593,0,0
0.003141593,0,0
0.003141593,0,0
0.003141593,0,0
0.003141593,0,0
0.003141593,0,0
0.003141593,0,0
0.003141593,0,0
0.003141593,0,0
0.003141593,0,0
0.003141593,0,0
0.003141593,0,0
0.003141593,0,0
0.003141593,0,0
0.003141593,0,0
0.003141593,0,0
0.003141593,0,0
0.003141593,0,0
0.003141593,0,0
0.003141593,0,0
0.003141593,0,0
0.003141593,0,0
0.003141593,0,0
0.003141593,0,0
0.003141593,0,0
0.003141593,0,0
0.003141593,0,0
0.003141593,0,0
0.003141593,0,0
0.003141593,0,0
0.003141593,0,0
0.003141593,0,0
0.003141593,0,0
0.003141593,0,0
0.003141593,0,0
0.003141593,0,0
0.003141593,0,0
0.003141593,0,0
0.003141593,0,0
0.003141593,0,0
0.003141593,0,0
0.003141593,0,0
0.003141593,0,0
0.003141593,0,0
0.003141593,0,0
0.003141593,0,0
0.003141593,0,0
0.003141593,0,0
0.003141593,0,0
0.003141593,0,0
0.003141593,0,0
0.003141593,0,0
0.003141593,0,0
0.003141593,0,0
0.003141593,0,0
0.003141593,0,0
0.003141593,0,0
0.003141593,0,0
0.003141593,0,0
0.003141593,0,0
0.003141593,0,0
0.003141593,0,0
0.003141593,0,0
0.003141593,0,0
0.003141593,0,0
0.003141593,0,0
0.003141593,0,0
0.003141593,0,0
0.003141593,0,0
0.003141593,0,0
0.003141593,0,0
0.003141593,0,0
0.003141593,0,0
0.003141593,0,0
0.003141593,0,0
0.003141593,0,0
0.003141593,0,0
0.003141593,0,0
0.003141593,0,0
0.003141593,0,0
0.003141593,0,0
0.003141593,0,0
0.003141593,0,0
0.003141593,0,0
0.003141593,0,0
0.003141593,0,0
0.003141593,0,0
0.003141593,0,0
0.003141593,0,0
0.003141593,0,0
0.003141593,0,0
0.003141593,0,0
0.003141593,0,0
0.003141593,0,0
0.003141593,0,0
0.003141593,0,0
0.003141593,0,0
0.003141593,0,0
0.003141593,0,0
0.003141593,0,0
0.003141593,0,0
0.003141593,0,0
0.003141593,0,0
0.003141593,0,0
0.003141593,0,0
0.003141593,0,0
0.003141593,0,0
0.003141593,0,0
0.003141593,0,0
0.003141593,0,0
0.003141593,0,0
0.003141593,0,0
0.003141593,0,0
0.003141593,0,0
0.003141593,0,0
0.003141593,0,0
0.003141593,0,0
0.003141593,0,0
0.003141593,0,0
0.003141593,0,0
0.003141593,0,0
0.003141593,0,0
0.003141593,0,0
0.003141593,0,0
0.003141593,0,0
0.003141593,0,0
0.003141593,0,0
0.003141593,0,0
0.003141593,0,0
0.003141593,0,0
0.003141593,0,0
0.003141593,0,0
0.003141593,0,0
0.003141593,0,0
0.003141593,0,0
0.003141593,0,0
0.003141593,0,0
0.003141593,0,0
0.003141593,0,0
0.003141593,0,0
0.003141593,0,0
0.003141593,0,0
0.003141593,0,0
0.003141593,0,0
0.003141593,0,0
0.003141593,0,0
0.003141593,0,0
0.003141593,0,0
0.003141593,0,0
0.003141593,0,0
0.003141593,0,0
0.003141593,0,0
0.003141593,0,0
0.003141593,0,0
0.003141593,0,0
0.003141593,0,0
0.003141593,0,0
0.003141593,0,0
0.003141593,0,0
0.003141593,0,0
0.003141593,0,0
0.003141593,0,0
0.003141593,0,0
0.003141593,0,0
0.003141593,0,0
0.003141593,0,0
0.003141593,0,0
0.003141593,0,0
0.003141593,0,0
0.003141593,0,0
0.003141593,0,0
0.003141593,0,0
0.003141593,0,0
0.003141593,0,0
0.003141593,0,0
0.003141593,0,0
0.003141593,0,0
0.003141593,0,0
0.003141593,0,0
0.003141593,0,0
0.003141593,0,0
0.003141593,0,0
0.003141593,0,0
0.003141593,0,0
0.003141593,0,0
0.003141593,0,0
0.003141593,0,0
0.003141593,0,0
0.003141593,0,0
0.003141593,0,0
0.003141593,0,0
0.003141593,0,0
0.003141593,0,0
0.003141593,0,0
0.003141593,0,0
-2.513274123,1.884955592,15.70796327
-2.494424567,2.199114858,31.41592654
-2.469291826,2.513274123,23.5619449
-2.444159084,2.670353756,15.70796327
-2.415884751,2.827433388,23.5619449
-2.387610417,3.141592654,39.26990817
-2.353052898,3.612831552,39.26990817
-2.315353786,3.926990817,23.5619449
-2.274513081,4.08407045,31.41592654
-2.233672377,4.555309348,47.1238898
-2.183406894,5.026548246,39.26990817
-2.133141412,5.340707511,47.1238898
-2.076592744,5.969026042,54.97787144
-2.013760891,6.44026494,47.1238898
-1.947787445,6.911503838,54.97787144
-1.875530814,7.539822369,70.68583471
-1.796990998,8.325220532,70.68583471
-1.709026404,8.953539063,78.53981634
-1.617920217,9.896016859,86.39379797
-1.511106066,10.68141502,47.1238898
-1.404291916,10.83849465,39.26990817
-1.294336173,11.46681319,62.83185307
-1.174955652,12.09513172,47.1238898
-1.052433539,12.40929098,39.26990817
-0.926769833,12.88052988,39.26990817
-0.794822941,13.19468915,31.41592654
-0.66287605,13.50884841,23.5619449
-0.524645973,13.66592804,7.853981634
-0.389557489,13.66592804,7.853981634
-0.251327412,13.82300768,-7.853981634
-0.113097336,13.50884841,-31.41592654
0.018849556,13.19468915,-39.26990817
0.150796447,12.72345025,-54.97787144
0.273318561,12.09513172,-54.97787144
0.392699082,11.62389282,-70.68583471
0.505796417,10.68141502,-94.24777961
0.606327382,9.738937226,-86.39379797
0.700575162,8.953539063,-94.24777961
0.785398163,7.853981634,-109.9557429
0.857654794,6.754424205,-109.9557429
0.920486648,5.654866776,-117.8097245
0.97075213,4.398229715,-117.8097245
1.008451242,3.298672286,-109.9557429
1.036725576,2.199114858,-117.8097245
1.052433539,0.942477796,-117.8097245
1.055575132,-0.157079633,-94.24777961
1.049291946,-0.942477796,-78.53981634
1.036725576,-1.727875959,-78.53981634
1.014734427,-2.513274123,-70.68583471
0.986460093,-3.141592654,-70.68583471
0.951902574,-3.926990817,-70.68583471
0.907920277,-4.555309348,-54.97787144
0.860796387,-5.026548246,-54.97787144
0.807389312,-5.654866776,-62.83185307
0.747699052,-6.283185307,-47.1238898
0.681725606,-6.597344573,-47.1238898
0.61575216,-7.225663103,-54.97787144
0.537212344,-7.696902001,-15.70796327
0.46181412,-7.539822369,-1.33E-13
0.386415896,-7.696902001,-7.853981634
0.30787608,-7.696902001,7.853981634
0.232477856,-7.539822369,7.853981634
0.157079633,-7.539822369,7.853981634
0.081681409,-7.382742736,23.5619449
0.009424778,-7.068583471,39.26990817
-0.05969026,-6.597344573,47.1238898
-0.122522113,-6.126105675,47.1238898
-0.182212374,-5.654866776,47.1238898
-0.235619449,-5.183627878,54.97787144
-0.285884931,-4.555309348,70.68583471
-0.326725636,-3.769911184,70.68583471
-0.361283155,-3.141592654,70.68583471
-0.389557489,-2.35619449,78.53981634
-0.408407045,-1.570796327,70.68583471
-0.420973416,-0.942477796,62.83185307
-0.427256601,-0.314159265,54.97787144
-0.427256601,0.157079633,47.1238898
-0.424115008,0.628318531,39.26990817
-0.41469023,0.942477796,15.70796327
-0.405265452,0.942477796,15.70796327
-0.395840674,1.256637061,31.41592654
-0.380132711,1.570796327,15.70796327
-0.364424748,1.570796327,7.853981634
-0.348716785,1.727875959,23.5619449
-0.329867229,2.042035225,23.5619449
-0.30787608,2.199114858,7.853981634
-0.285884931,2.199114858,7.853981634
-0.263893783,2.35619449,7.853981634
-0.238761042,2.35619449,0
-0.216769893,2.35619449,7.853981634
-0.191637152,2.513274123,4.4E-14
-0.166504411,2.35619449,-7.853981634
-0.144513262,2.35619449,7.853981634
-0.119380521,2.513274123,0
-0.09424778,2.35619449,-15.70796327
-0.072256631,2.199114858,-15.70796327
-0.050265482,2.042035225,-15.70796327
-0.031415927,1.884955592,-7.853981634
-0.012566371,1.884955592,-7.853981634
0.006283185,1.727875959,-15.70796327
0.021991149,1.570796327,-15.70796327
0.037699112,1.413716694,-23.5619449
0.050265482,1.099557429,-23.5619449
0.05969026,0.942477796,-15.70796327
0.069115038,0.785398163,-23.5619449
0.075398224,0.471238898,-23.5619449
0.078539816,0.314159265,-15.70796327
0.081681409,0.157079633,-15.70796327
0.081681409,0,-15.70796327
0.081681409,-0.157079633,-7.853981634
0.078539816,-0.157079633,7.853981634
0.078539816,0,7.853981634
0.078539816,0,0
0.078539816,0,0
0.078539816,0,0
0.078539816,0,0
0.078539816,0,0
0.078539816,0,0
0.078539816,0,0
0.078539816,0,0
0.078539816,0,0
0.078539816,0,0
0.078539816,0,0
0.078539816,0,0
0.078539816,0,0
0.078539816,0,0
0.078539816,0,0
0.078539816,0,0
0.078539816,0,0
0.078539816,0,0
0.078539816,0,0
0.078539816,0,0
0.078539816,0,0
0.078539816,0,0
0.078539816,0,0
0.078539816,0,0
0.078539816,0,0
0.078539816,0,0
0.078539816,0,0
0.078539816,0,0
0.078539816,0,0
0.078539816,0,0
0.078539816,0,0
0.078539816,0,0
0.078539816,0,0
0.078539816,0,0
0.078539816,0,0
0.078539816,0,0
0.078539816,0,0
0.078539816,0,0
0.078539816,0,0
0.078539816,0,0
0.078539816,0,0
0.078539816,0,0
0.078539816,0,0
0.078539816,0,0
0.078539816,0,0
0.078539816,0,0
0.078539816,0,0
0.078539816,0,0
0.078539816,0,0
0.078539816,0,0
0.078539816,0,0
0.078539816,0,0
0.078539816,0,0
0.078539816,0,0
0.078539816,0,0
0.078539816,0,0
0.078539816,0,0
0.078539816,0,0
0.078539816,0,0
0.078539816,0,0
0.078539816,0,0
0.078539816,0,0
0.078539816,0,0
0.078539816,0,0
0.078539816,0,0
0.078539816,0,0
0.078539816,0,0
0.078539816,0,0
0.078539816,0,0
0.078539816,0,0
0.078539816,0,0
0.078539816,0,0
0.078539816,0,0
0.078539816,0,0
0.078539816,0,0
0.078539816,0,0
0.078539816,0,0
0.078539816,0,0
0.078539816,0,0
0.078539816,0,0
0.078539816,0,0
0.078539816,0,0
0.078539816,0,0
0.078539816,0,0
0.078539816,0,0
0.078539816,0,0
0.078539816,0,0
0.078539816,0,0
0.078539816,0,0
0.078539816,0,0
0.078539816,0,0
0.078539816,0,0
0.078539816,0,0
0.078539816,0,0
0.078539816,0,0
0.078539816,0,0
0.078539816,0,0
0.078539816,0,0
0.078539816,0,0
0.078539816,0,0
0.078539816,0,0
0.078539816,0,0
0.078539816,0,0
0.078539816,0,0
0.078539816,0,0
0.078539816,0,0
0.078539816,0,0
0.078539816,0,0
0.078539816,0,0
0.078539816,0,0
0.078539816,0,0
0.078539816,0,0
0.078539816,0,0
0.078539816,0,0
0.078539816,0,0
0.078539816,0,0
0.078539816,0,0
0.078539816,0,0
0.078539816,0,0
0.078539816,0,0
0.078539816,0,0
0.078539816,0,0
0.078539816,0,0
0.078539816,0,0
0.078539816,0,0
0.078539816,0,0
0.078539816,0,0
0.078539816,0,0
0.078539816,0,0
0.078539816,0,0
0.078539816,0,0
0.078539816,0,0
0.078539816,0,0
0.078539816,0,0
0.078539816,0,0
0.078539816,0,0
0.078539816,0,0
0.078539816,0,0
0.078539816,0,0
0.078539816,0,0
0.078539816,0,0
0.078539816,0,0
0.078539816,0,0
0.078539816,0,0
0.078539816,0,0
0.078539816,0,0
0.078539816,0,0
0.078539816,0,0
0.078539816,0,0
0.078539816,0,0
0.078539816,0,0
0.078539816,0,0
0.078539816,0,0
0.078539816,0,0
0.078539816,0,0
0.078539816,0,0
0.078539816,0,0
0.078539816,0,0
0.078539816,0,0
0.078539816,0,0
0.078539816,0,0
0.078539816,0,0
0.078539816,0,0
0.078539816,0,0
0.078539816,0,0
0.078539816,0,0
0.078539816,0,0
0.078539816,0,0
0.078539816,0,0
0.078539816,0,0
0.078539816,0,0
0.078539816,0,0
0.078539816,0,0
0.078539816,0,0
0.078539816,0,0
0.078539816,0,0
0.078539816,0,0
0.078539816,0,0
0.078539816,0,0
0.078539816,0,0
0.078539816,0,0
0.078539816,0,0
0.078539816,0,0
0.078539816,0,0
0.078539816,0,0
0.078539816,0,0
0.078539816,0,0
0.078539816,0,0
0.078539816,0,0
0.078539816,0,0
0.078539816,0,0
0.078539816,0,0
0.078539816,0,0
0.078539816,0,0
0.078539816,0,0
0.078539816,0,0
0.078539816,0,0
0.078539816,0,0
0.078539816,0,0
0.078539816,0,0
0.078539816,0,0
0.078539816,0,0
0.078539816,0,0
0.078539816,0,0
0.078539816,0,0
0.078539816,0,0
0.078539816,0,0
0.078539816,0,0
0.078539816,0,0
0.078539816,0,0
0.078539816,0,0
0.078539816,0,0
0.078539816,0,0
0.078539816,0,0
0.078539816,0,0
0.078539816,0,0
0.078539816,0,0
0.078539816,0,0
0.078539816,0,0
0.078539816,0,0
0.078539816,0,0
0.078539816,0,0
0.078539816,0,0
0.078539816,0,0
0.078539816,0,0
0.078539816,0,0
0.078539816,0,0
0.078539816,0,0
0.078539816,0,0
0.078539816,0,0
0.078539816,0,0
0.078539816,0,0
0.078539816,0,0
0.078539816,0,0
0.078539816,0,0
0.078539816,0,0
0.078539816,0,0
0.078539816,0,0
0.078539816,0,0
0.078539816,0,0
0.078539816,0,0
0.078539816,0,0
0.078539816,0,0
0.078539816,0,0
0.078539816,0,0
0.078539816,0,0
0.078539816,0,0
0.078539816,0,0
0.078539816,0,0
0.078539816,0,0
0.078539816,0,0
0.078539816,0,0
0.078539816,0,0
0.078539816,0,0
0.078539816,0,0
0.078539816,0,0
0.078539816,0,0
0.078539816,0,0
0.078539816,0,0
0.078539816,0,0
0.078539816,0,0
0.078539816,0,0
0.078539816,0,0
0.078539816,0,0
0.078539816,0,0
0.078539816,0,0
0.078539816,0,0
0.078539816,0,0
0.078539816,0,0
0.078539816,0,0
0.078539816,0,0
0.078539816,0,0
0.078539816,0,0
0.078539816,0,0
0.078539816,0,0
0.078539816,0,0
0.078539816,0,0
0.078539816,0,0
0.078539816,0,0
0.078539816,0,0
0.078539816,0,0
0.078539816,0,0
0.078539816,0,0
0.078539816,0,0
0.078539816,0,0
0.078539816,0,0
0.078539816,0,0
0.078539816,0,0
0.078539816,0,0
0.078539816,0,0
0.078539816,0,0
0.078539816,0,0
0.078539816,0,0
0.078539816,0,0
0.078539816,0,0
0.078539816,0,0
0.078539816,0,0
0.078539816,0,0
0.078539816,0,0
0.078539816,0,0
0.078539816,0,0
0.078539816,0,0
0.078539816,0,0
0.078539816,0,0
0.078539816,0,0
0.078539816,0,0
0.078539816,0,0
0.078539816,0,0
0.078539816,0,0
0.078539816,0,0
0.078539816,0,0
0.078539816,0,0
0.078539816,0,0
0.078539816,0,0
0.078539816,0,0
0.078539816,0,0
0.078539816,0,0
0.078539816,0,0
0.078539816,0,0
0.078539816,0,0
0.078539816,0,0
0.078539816,0,0
0.078539816,0,0
0.078539816,0,0
0.078539816,0,0
0.078539816,0,0
0.078539816,0,0
0.078539816,0,0
0.078539816,0,0
0.078539816,0,0
-2.227389191,4.08407045,39.26990817
-2.186548487,4.555309348,54.97787144
-2.136283004,5.183627878,54.97787144
-2.082875929,5.654866776,47.1238898
-2.023185669,6.126105675,54.97787144
-1.960353816,6.754424205,62.83185307
-1.888097185,7.382742736,62.83185307
-1.812698961,8.011061267,62.83185307
-1.727875959,8.639379797,62.83185307
-1.639911365,9.267698328,70.68583471
-1.542521993,10.05309649,62.83185307
-1.438849435,10.52433539,47.1238898
-1.332035285,10.99557429,54.97787144
-1.21893795,11.62389282,54.97787144
-1.099557429,12.09513172,47.1238898
-0.977035315,12.56637061,39.26990817
-0.848230016,12.88052988,23.5619449
-0.719424718,13.03760951,15.70796327
-0.587477826,13.19468915,7.853981634
-0.455530935,13.19468915,-1.78E-13
-0.323584043,13.19468915,-7.853981634
-0.191637152,13.03760951,-23.5619449
-0.062831853,12.72345025,-31.41592654
0.062831853,12.40929098,-39.26990817
0.185353967,11.93805208,-62.83185307
0.301592895,11.15265392,-86.39379797
0.408407045,10.21017612,-86.39379797
0.505796417,9.424777961,-78.53981634
0.596902604,8.639379797,-94.24777961
0.678584013,7.539822369,-109.9557429
0.747699052,6.44026494,-109.9557429
0.807389312,5.340707511,-109.9557429
0.854513202,4.241150082,-109.9557429
0.892212314,3.141592654,-109.9557429
0.917345055,2.042035225,-109.9557429
0.933053018,0.942477796,-109.9557429
0.936194611,-0.157079633,-94.24777961
0.929911425,-0.942477796,-78.53981634
0.917345055,-1.727875959,-78.53981634
0.895353906,-2.513274123,-70.68583471
0.867079572,-3.141592654,-62.83185307
0.832522053,-3.769911184,-62.83185307
0.791681349,-4.398229715,-62.83185307
0.744557459,-5.026548246,-54.97787144
0.691150384,-5.497787144,-47.1238898
0.634601716,-5.969026042,-39.26990817
0.571769863,-6.283185307,-31.41592654
0.50893801,-6.597344573,-39.26990817
0.439822972,-7.068583471,-31.41592654
0.36756634,-7.225663103,-15.70796327
0.295309709,-7.382742736,-7.853981634
0.219911486,-7.382742736,0
0.147654855,-7.382742736,7.853981634
0.072256631,-7.225663103,23.5619449
0.003141593,-6.911503838,23.5619449
-0.065973446,-6.754424205,23.5619449
-0.131946891,-6.44026494,39.26990817
-0.194778745,-5.969026042,54.97787144
-0.251327412,-5.340707511,54.97787144
-0.301592895,-4.869468613,47.1238898
-0.348716785,-4.398229715,62.83185307
-0.389557489,-3.612831552,70.68583471
-0.420973416,-2.984513021,62.83185307
-0.449247749,-2.35619449,70.68583471
-0.468097305,-1.570796327,78.53981634
-0.480663676,-0.785398163,70.68583471
-0.483805269,-0.157079633,47.1238898
-0.483805269,0.157079633,39.26990817
-0.480663676,0.628318531,31.41592654
-0.471238898,0.785398163,15.70796327
-0.464955713,0.942477796,23.5619449
-0.452389342,1.256637061,15.70796327
-0.439822972,1.256637061,7.853981634
-0.427256601,1.413716694,23.5619449
-0.411548638,1.727875959,23.5619449
-0.392699082,1.884955592,7.853981634
-0.373849526,1.884955592,7.853981634
-0.35499997,2.042035225,7.853981634
-0.333008821,2.042035225,0
-0.314159265,2.042035225,7.853981634
-0.292168117,2.199114858,7.853981634
-0.270176968,2.199114858,6.7E-14
-0.24818582,2.199114858,2E-13
-0.226194671,2.199114858,-6.7E-14
-0.204203522,2.199114858,-1.33E-13
-0.182212374,2.199114858,-7.853981634
-0.160221225,2.042035225,-15.70796327
-0.141371669,1.884955592,-15.70796327
-0.122522113,1.727875959,-15.70796327
-0.10681415,1.570796327,-7.853981634
-0.091106187,1.570796327,-7.853981634
-0.075398224,1.413716694,-15.70796327
-0.062831853,1.256637061,-15.70796327
-0.050265482,1.099557429,-23.5619449
-0.040840704,0.785398163,-23.5619449
-0.034557519,0.628318531,-15.70796327
-0.028274334,0.471238898,-15.70796327
-0.025132741,0.314159265,-15.70796327
-0.021991149,0.157079633,-15.70796327
-0.021991149,0,-7.853981634
-0.021991149,0,0
-0.021991149,0,0
-0.021991149,0,0
-0.021991149,0,0
-0.021991149,0,0
-0.021991149,0,0
-0.021991149,0,0
-0.021991149,0,0
-0.021991149,0,0
-0.021991149,0,0
-0.021991149,0,0
-0.021991149,0,0
-0.021991149,0,0
-0.021991149,0,0
-0.021991149,0,0
-0.021991149,0,0
-0.021991149,0,0
-0.021991149,0,0
-0.021991149,0,0
-0.021991149,0,0
-0.021991149,0,0
-0.021991149,0,0
-0.021991149,0,0
-0.021991149,0,0
-0.021991149,0,0
-0.021991149,0,0
-0.021991149,0,0
-0.021991149,0,0
-0.021991149,0,0
-0.021991149,0,0
-0.021991149,0,0
-0.021991149,0,0
-0.021991149,0,0
-0.021991149,0,0
-0.021991149,0,0
-0.021991149,0,0
-0.021991149,0,0
-0.021991149,0,0
-0.021991149,0,0
-0.021991149,0,0
-0.021991149,0,0
-0.021991149,0,0
-0.021991149,0,0
-0.021991149,0,0
-0.021991149,0,0
-0.021991149,0,0
-0.021991149,0,0
-0.021991149,0,0
-0.021991149,0,0
-0.021991149,0,0
-0.021991149,0,0
-0.021991149,0,0
-0.021991149,0,0
-0.021991149,0,0
-0.021991149,0,0
-0.021991149,0,0
-0.021991149,0,0
-0.021991149,0,0
-0.021991149,0,0
-0.021991149,0,0
-0.021991149,0,0
-0.021991149,0,0
-0.021991149,0,0
-0.021991149,0,0
-0.021991149,0,0
-0.021991149,0,0
-0.021991149,0,0
-0.021991149,0,0
-0.021991149,0,0
-0.021991149,0,0
-0.021991149,0,0
-0.021991149,0,0
-0.021991149,0,0
-0.021991149,0,0
-0.021991149,0,0
-0.021991149,0,0
-0.021991149,0,0
-0.021991149,0,0
-0.021991149,0,0
-0.021991149,0,0
-0.021991149,0,0
-0.021991149,0,0
-0.021991149,0,0
-0.021991149,0,0
-0.021991149,0,0
-0.021991149,0,0
-0.021991149,0,0
-0.021991149,0,0
-0.021991149,0,0
-0.021991149,0,0
-0.021991149,0,0
-0.021991149,0,0
-0.021991149,0,0
-0.021991149,0,0
-0.021991149,0,0
-0.021991149,0,0
-0.021991149,0,0
-0.021991149,0,0
-0.021991149,0,0
-0.021991149,0,0
-0.021991149,0,0
-0.021991149,0,0
-0.021991149,0,0
-0.021991149,0,0
-0.021991149,0,0
-0.021991149,0,0
-0.021991149,0,0
-0.021991149,0,0
-0.021991149,0,0
-0.021991149,0,0
-0.021991149,0,0
-0.021991149,0,0
-0.021991149,0,0
-0.021991149,0,0
-0.021991149,0,0
-0.021991149,0,0
-0.021991149,0,0
-0.021991149,0,0
-0.021991149,0,0
-0.021991149,0,0
-0.021991149,0,0
-0.021991149,0,0
-0.021991149,0,0
-0.021991149,0,0
-0.021991149,0,0
-0.021991149,0,0
-0.021991149,0,0
-0.021991149,0,0
-0.021991149,0,0
-0.021991149,0,0
-0.021991149,0,0
-0.021991149,0,0
-0.021991149,0,0
-0.021991149,0,0
-0.021991149,0,0
-0.021991149,0,0
-0.021991149,0,0
-0.021991149,0,0
-0.021991149,0,0
-0.021991149,0,0
-0.021991149,0,0
-0.021991149,0,0
-0.021991149,0,0
-0.021991149,0,0
-0.021991149,0,0
-0.021991149,0,0
-0.021991149,0,0
-0.021991149,0,0
-0.021991149,0,0
-0.021991149,0,0
-0.021991149,0,0
-0.021991149,0,0
-0.021991149,0,0
-0.021991149,0,0
-0.021991149,0,0
-0.021991149,0,0
-0.021991149,0,0
-0.021991149,0,0
-0.021991149,0,0
-0.021991149,0,0
-0.021991149,0,0
-0.021991149,0,0
-0.021991149,0,0
-0.021991149,0,0
-0.021991149,0,0
-0.021991149,0,0
-0.021991149,0,0
-0.021991149,0,0
-0.021991149,0,0
-0.021991149,0,0
-0.021991149,0,0
-0.021991149,0,0
-0.021991149,0,0
-0.021991149,0,0
-0.021991149,0,0
-0.021991149,0,0
-0.021991149,0,0
-0.021991149,0,0
-0.021991149,0,0
-0.021991149,0,0
-0.021991149,0,0
-0.021991149,0,0
-0.021991149,0,0
-0.021991149,0,0
-0.021991149,0,0
-0.021991149,0,0
-0.021991149,0,0
-0.021991149,0,0
-0.021991149,0,0
-0.021991149,0,0
-0.021991149,0,0
-0.021991149,0,0
-0.021991149,0,0
-0.021991149,0,0
-0.021991149,0,0
-0.021991149,0,0
-0.021991149,0,0
-0.021991149,0,0
-0.021991149,0,0
-0.021991149,0,0
-0.021991149,0,0
-0.021991149,0,0
-0.021991149,0,0
-0.021991149,0,0
-0.021991149,0,0
-0.021991149,0,0
-0.021991149,0,0
-0.021991149,0,0
-0.021991149,0,0
-0.021991149,0,0
-0.021991149,0,0
-0.021991149,0,0
-0.021991149,0,0
-0.021991149,0,0
-0.021991149,0,0
-0.021991149,0,0
-0.021991149,0,0
-0.021991149,0,0
-0.021991149,0,0
-0.021991149,0,0
-0.021991149,0,0
-0.021991149,0,0
-0.021991149,0,0
-0.021991149,0,0
-0.021991149,0,0
-0.021991149,0,0
-0.021991149,0,0
-0.021991149,0,0
-0.021991149,0,0
-0.021991149,0,0
-0.021991149,0,0
-0.021991149,0,0
-0.021991149,0,0
-0.021991149,0,0
-0.021991149,0,0
-0.021991149,0,0
-0.021991149,0,0
-0.021991149,0,0
-0.021991149,0,0
-0.021991149,0,0
-0.021991149,0,0
-0.021991149,0,0
-0.021991149,0,0
-0.021991149,0,0
-0.021991149,0,0
-0.021991149,0,0
-0.021991149,0,0
-0.021991149,0,0
-0.021991149,0,0
-0.021991149,0,0
-0.021991149,0,0
-0.021991149,0,0
-0.021991149,0,0
-0.021991149,0,0
-0.021991149,0,0
-0.021991149,0,0
-0.021991149,0,0
-0.021991149,0,0
-0.021991149,0,0
-0.021991149,0,0
-0.021991149,0,0
-0.021991149,0,0
-0.021991149,0,0
-0.021991149,0,0
-0.021991149,0,0
-0.021991149,0,0
-0.021991149,0,0
-0.021991149,0,0
-0.021991149,0,0
-0.021991149,0,0
-0.021991149,0,0
-0.021991149,0,0
-0.021991149,0,0
-0.021991149,0,0
-0.021991149,0,0
-0.021991149,0,0
-0.021991149,0,0
-0.021991149,0,0
-0.021991149,0,0
-0.021991149,0,0
-0.021991149,0,0
-0.021991149,0,0
-0.021991149,0,0
-0.021991149,0,0
-0.021991149,0,0
-0.021991149,0,0
-0.021991149,0,0
-0.021991149,0,0
-0.021991149,0,0
-0.021991149,0,0
-0.021991149,0,0
-0.021991149,0,0
-0.021991149,0,0
-0.021991149,0,0
-0.021991149,0,0
-0.021991149,0,0
-0.021991149,0,0
-0.021991149,0,0
-0.021991149,0,0
-0.021991149,0,0
-0.021991149,0,0
-0.021991149,0,0
-0.021991149,0,0
-0.021991149,0,0
-0.021991149,0,0
-0.021991149,0,0
-0.021991149,0,0
-0.021991149,0,0
-0.021991149,0,0
-0.021991149,0,0
-0.021991149,0,0
-0.021991149,0,0
-0.021991149,0,0
-0.021991149,0,0
-0.021991149,0,0
-0.021991149,0,0
-0.021991149,0,0
-0.021991149,0,0
-0.021991149,0,0
-0.021991149,0,0
-0.021991149,0,0
-0.021991149,0,0
-0.021991149,0,0
-0.021991149,0,0
-0.021991149,0,0
-0.021991149,0,0
-0.021991149,0,0
-0.021991149,0,0
-0.021991149,0,0
-0.021991149,0,0
-0.021991149,0,0
-0.021991149,0,0
-0.021991149,0,0
-0.021991149,0,0
-0.021991149,0,0
-0.021991149,0,0
-0.021991149,0,0
-0.021991149,0,0
-0.021991149,0,0
-0.021991149,0,0
-0.021991149,0,0
-0.021991149,0,0
-0.694291976,0.157079633,78.53981634
-0.688008791,0.942477796,62.83185307
-0.675442421,1.413716694,47.1238898
-0.659734457,1.884955592,47.1238898
-0.637743309,2.35619449,39.26990817
-0.612610567,2.670353756,31.41592654
-0.584336234,2.984513021,31.41592654
-0.552920307,3.298672286,31.41592654
-0.518362788,3.612831552,31.41592654
-0.480663676,3.926990817,31.41592654
-0.439822972,4.241150082,23.5619449
-0.395840674,4.398229715,15.70796327
-0.351858377,4.555309348,7.853981634
-0.304734487,4.555309348,-2.22E-13
-0.26075219,4.555309348,15.70796327
-0.2136283,4.869468613,7.853981634
-0.163362818,4.71238898,-15.70796327
-0.119380521,4.555309348,-7.853981634
-0.072256631,4.555309348,-7.853981634
-0.028274334,4.398229715,-15.70796327
0.015707963,4.241150082,-23.5619449
0.056548668,3.926990817,-23.5619449
0.09424778,3.769911184,-23.5619449
0.131946891,3.455751919,-39.26990817
0.163362818,2.984513021,-39.26990817
0.191637152,2.670353756,-31.41592654
0.216769893,2.35619449,-39.26990817
0.238761042,1.884955592,-39.26990817
0.254469005,1.570796327,-39.26990817
0.270176968,1.099557429,-47.1238898
0.276460154,0.628318531,-39.26990817
0.282743339,0.314159265,-39.26990817
0.282743339,-0.157079633,-31.41592654
0.279601746,-0.314159265,-7.853981634
0.276460154,-0.314159265,2.78E-13
0.273318561,-0.314159265,-7.853981634
0.270176968,-0.471238898,-7.853981634
0.263893783,-0.471238898,-1.39E-13
0.26075219,-0.471238898,-7.853981634
0.254469005,-0.628318531,-7.853981634
0.24818582,-0.628318531,0
0.241902634,-0.628318531,0
0.235619449,-0.628318531,7.2E-14
0.229336264,-0.628318531,0
0.223053078,-0.628318531,0
0.216769893,-0.628318531,-7.2E-14
0.210486708,-0.628318531,7.853981634
0.204203522,-0.471238898,7.853981634
0.20106193,-0.471238898,-7.853981634
0.194778745,-0.628318531,0
0.188495559,-0.471238898,7.853981634
0.185353967,-0.471238898,0
0.179070781,-0.471238898,7.853981634
0.175929189,-0.314159265,7.853981634
0.172787596,-0.314159265,-1.39E-13
0.169646003,-0.314159265,7.853981634
0.166504411,-0.157079633,7.853981634
0.166504411,-0.157079633,6.9E-14
0.163362818,-0.157079633,7.853981634
0.163362818,0,7.853981634
0.163362818,0,0
0.163362818,0,0
0.163362818,0,0
0.163362818,0,0
0.163362818,0,0
0.163362818,0,0
0.163362818,0,0
0.163362818,0,0
0.163362818,0,0
0.163362818,0,0
0.163362818,0,0
0.163362818,0,0
0.163362818,0,0
0.163362818,0,0
0.163362818,0,0
0.163362818,0,0
0.163362818,0,0
0.163362818,0,0
0.163362818,0,0
0.163362818,0,0
0.163362818,0,0
0.163362818,0,0
0.163362818,0,0
0.163362818,0,0
0.163362818,0,0
0.163362818,0,0
0.163362818,0,0
0.163362818,0,0
0.163362818,0,0
0.163362818,0,0
0.163362818,0,0
0.163362818,0,0
0.163362818,0,0
0.163362818,0,0
0.163362818,0,0
0.163362818,0,0
0.163362818,0,0
0.163362818,0,0
0.163362818,0,0
0.163362818,0,0
0.163362818,0,0
0.163362818,0,0
0.163362818,0,0
0.163362818,0,0
0.163362818,0,0
0.163362818,0,0
0.163362818,0,0
0.163362818,0,0
0.163362818,0,0
0.163362818,0,0
0.163362818,0,0
0.163362818,0,0
0.163362818,0,0
0.163362818,0,0
0.163362818,0,0
0.163362818,0,0
0.163362818,0,0
0.163362818,0,0
0.163362818,0,0
0.163362818,0,0
0.163362818,0,0
0.163362818,0,0
0.163362818,0,0
0.163362818,0,0
0.163362818,0,0
0.163362818,0,0
0.163362818,0,0
0.163362818,0,0
0.163362818,0,0
0.163362818,0,0
0.163362818,0,0
0.163362818,0,0
0.163362818,0,0
0.163362818,0,0
0.163362818,0,0
0.163362818,0,0
0.163362818,0,0
0.163362818,0,0
0.163362818,0,0
0.163362818,0,0
0.163362818,0,0
-0.087964594,-3.926990817,39.26990817
-0.125663706,-3.455751919,47.1238898
-0.157079633,-2.984513021,39.26990817
-0.185353967,-2.670353756,39.26990817
-0.210486708,-2.199114858,54.97787144
-0.229336264,-1.570796327,54.97787144
-0.241902634,-1.099557429,47.1238898
-0.251327412,-0.628318531,47.1238898
-0.254469005,-0.157079633,39.26990817
-0.254469005,0.157079633,23.5619449
-0.251327412,0.314159265,7.853981634
-0.24818582,0.314159265,7.853981634
-0.245044227,0.471238898,7.853981634
-0.238761042,0.471238898,-6.7E-14
-0.235619449,0.471238898,7.853981634
-0.229336264,0.628318531,7.853981634
-0.223053078,0.628318531,0
-0.216769893,0.628318531,7.853981634
-0.210486708,0.785398163,7.853981634
-0.20106193,0.785398163,-7.853981634
-0.194778745,0.628318531,-7.3E-14
-0.188495559,0.785398163,7.853981634
-0.179070781,0.785398163,-7.2E-14
-0.172787596,0.785398163,1.44E-13
-0.163362818,0.785398163,1.44E-13
-0.157079633,0.785398163,-7.2E-14
-0.147654855,0.785398163,-7.853981634
-0.141371669,0.628318531,-7.853981634
-0.135088484,0.628318531,3.3E-14
-0.128805299,0.628318531,-1.11E-13
-0.122522113,0.628318531,-3.3E-14
-0.116238928,0.628318531,-7.853981634
-0.109955743,0.471238898,-15.70796327
-0.10681415,0.314159265,3.3E-14
-0.103672558,0.471238898,7.853981634
-0.097389372,0.471238898,-15.70796327
-0.09424778,0.157079633,-15.70796327
-0.09424778,0.157079633,-3.5E-14
-0.091106187,0.157079633,6.9E-14
-0.091106187,0.157079633,6.9E-14
-0.087964594,0.157079633,-7.853981634
-0.087964594,0,-7.853981634
-0.087964594,0,0
-0.087964594,0,0
-0.087964594,0,0
-0.087964594,0,0
-0.087964594,0,0
-0.087964594,0,0
-0.087964594,0,0
-0.087964594,0,0
-0.087964594,0,0
-0.087964594,0,0
-0.087964594,0,0
-0.087964594,0,0
-0.087964594,0,0
-0.087964594,0,0
-0.087964594,0,0
-0.087964594,0,0
-0.087964594,0,0
-0.087964594,0,0
-0.087964594,0,0
-0.087964594,0,0
-0.087964594,0,0
-0.087964594,0,0
-0.087964594,0,0
-0.087964594,0,0
-0.087964594,0,0
-0.087964594,0,0
-0.087964594,0,0
-0.087964594,0,0
-0.087964594,0,0
-0.087964594,0,0
-0.087964594,0,0
-0.087964594,0,0
-0.087964594,0,0
-0.087964594,0,0
-0.087964594,0,0
-0.087964594,0,0
-0.087964594,0,0
-0.087964594,0,0
-0.087964594,0,0
-0.087964594,0,0
-0.087964594,0,0
-0.087964594,0,0
-0.087964594,0,0
-0.087964594,0,0
-0.087964594,0,0
-0.087964594,0,0
-0.087964594,0,0
-0.087964594,0,0
-0.087964594,0,0
-0.087964594,0,0
-0.087964594,0,0
-0.087964594,0,0
-0.087964594,0,0
-0.087964594,0,0
-0.087964594,0,0
-0.087964594,0,0
-0.087964594,0,0
-0.087964594,0,0
-0.087964594,0,0
-0.087964594,0,0
-0.087964594,0,0
-0.087964594,0,0
-0.087964594,0,0
-0.087964594,0,0
-0.087964594,0,0
-0.087964594,0,0
-0.087964594,0,0
-0.087964594,0,0
-0.087964594,0,0
-0.087964594,0,0
-0.087964594,0,0
-0.087964594,0,0
-0.087964594,0,0
-0.087964594,0,0
-0.087964594,0,0
-0.087964594,0,0
-0.087964594,0,0
-0.087964594,0,0
-0.087964594,0,0
-0.087964594,0,0
-0.087964594,0,0
-0.087964594,0,0
-0.087964594,0,0
-0.087964594,0,0
-0.087964594,0,0
-0.087964594,0,0
-0.087964594,0,0
-0.087964594,0,0
-0.087964594,0,0
-0.087964594,0,0
-0.087964594,0,0
-0.087964594,0,0
-0.087964594,0,0
-0.087964594,0,0
-0.087964594,0,0
-0.087964594,0,0
-0.087964594,0,0
-0.087964594,0,0
-0.087964594,0,0
-0.295309709,1.570796327,7.853981634
-0.279601746,1.570796327,6.7E-14
-0.263893783,1.570796327,7.853981634
-0.24818582,1.727875959,7.853981634
-0.229336264,1.727875959,0
-0.2136283,1.727875959,0
-0.194778745,1.727875959,-6.7E-14
-0.179070781,1.727875959,-6.7E-14
-0.160221225,1.727875959,0
-0.144513262,1.727875959,3.3E-14
-0.125663706,1.727875959,-15.70796327
-0.109955743,1.413716694,-15.70796327
-0.097389372,1.413716694,-3.3E-14
-0.081681409,1.413716694,-7.853981634
-0.069115038,1.256637061,-15.70796327
-0.056548668,1.099557429,-15.70796327
-0.04712389,0.942477796,-7.853981634
-0.037699112,0.942477796,-7.853981634
-0.028274334,0.785398163,-15.70796327
-0.021991149,0.628318531,-15.70796327
-0.015707963,0.471238898,-15.70796327
-0.012566371,0.314159265,-15.70796327
-0.009424778,0.157079633,-15.70796327
-0.009424778,0,-7.853981634
-0.009424778,0,0
-0.009424778,0,0
-0.009424778,0,0
-0.009424778,0,0
-0.009424778,0,0
-0.009424778,0,0
-0.009424778,0,0
-0.009424778,0,0
-0.009424778,0,0
-0.009424778,0,0
-0.009424778,0,0
-0.009424778,0,0
-0.009424778,0,0
-0.009424778,0,0
-0.009424778,0,0
-0.009424778,0,0
-0.009424778,0,0
-0.009424778,0,0
-0.009424778,0,0
-0.009424778,0,0
-0.009424778,0,0
-0.009424778,0,0
-0.009424778,0,0
-0.009424778,0,0
-0.009424778,0,0
-0.009424778,0,0
-0.009424778,0,0
-0.009424778,0,0
-0.009424778,0,0
-0.009424778,0,0
-0.009424778,0,0
-0.009424778,0,0
-0.009424778,0,0
-0.009424778,0,0
-0.009424778,0,0
-0.009424778,0,0
-0.009424778,0,0
-0.009424778,0,0
-0.009424778,0,0
-0.009424778,0,0
-0.009424778,0,0
-0.009424778,0,0
-0.009424778,0,0
-0.009424778,0,0
-0.009424778,0,0
-0.009424778,0,0
-0.009424778,0,0
-0.009424778,0,0
-0.009424778,0,0
-0.009424778,0,0
-0.009424778,0,0
-0.009424778,0,0
-0.009424778,0,0
-0.009424778,0,0
-0.009424778,0,0
-0.009424778,0,0
-0.009424778,0,0
-0.009424778,0,0
-0.009424778,0,0
-0.009424778,0,0
-0.009424778,0,0
-0.009424778,0,0
-0.009424778,0,0
-0.009424778,0,0
-0.009424778,0,0
-0.009424778,0,0
-0.009424778,0,0
-0.009424778,0,0
-0.009424778,0,0
-0.009424778,0,0
-0.009424778,0,0
-0.009424778,0,0
-0.009424778,0,0
-0.009424778,0,0
-0.009424778,0,0
-0.009424778,0,0
-0.009424778,0,0
-0.009424778,0,0
-0.009424778,0,0
-0.009424778,0,0
-0.009424778,0,0
-0.009424778,0,0
-0.009424778,0,0
-0.009424778,0,0
-0.009424778,0,0
-0.009424778,0,0
-0.009424778,0,0
-0.009424778,0,0
-0.009424778,0,0
-0.009424778,0,0
-0.009424778,0,0
-0.009424778,0,0
-0.009424778,0,0
-0.009424778,0,0
-0.009424778,0,0
-0.009424778,0,0
-0.009424778,0,0
-0.009424778,0,0
-0.009424778,0,0
-0.009424778,0,0
-0.009424778,0,0
-0.009424778,0,0
-0.009424778,0,0
-0.009424778,0,0
-0.009424778,0,0
-0.009424778,0,0
-0.009424778,0,0
-0.009424778,0,0
-0.009424778,0,0
-0.009424778,0,0
-0.009424778,0,0
-0.009424778,0,0
-0.009424778,0,0
-0.009424778,0,0
-0.009424778,0,0
-0.009424778,0,0
-0.009424778,0,0
-0.518362788,1.884955592,31.41592654
-0.499513232,2.199114858,31.41592654
-0.474380491,2.513274123,23.5619449
-0.449247749,2.670353756,15.70796327
-0.420973416,2.827433388,15.70796327
-0.392699082,2.984513021,23.5619449
-0.361283155,3.298672286,23.5619449
-0.326725636,3.455751919,7.853981634
-0.292168117,3.455751919,-1.33E-13
-0.257610598,3.455751919,-2.89E-13
-0.223053078,3.455751919,8.9E-14
-0.188495559,3.455751919,4.4E-14
-0.15393804,3.455751919,-2.2E-14
-0.119380521,3.455751919,-7.853981634
-0.084823002,3.298672286,-15.70796327
-0.053407075,3.141592654,-15.70796327
-0.021991149,2.984513021,-23.5619449
0.006283185,2.670353756,-23.5619449
0.031415927,2.513274123,-15.70796327
0.056548668,2.35619449,-23.5619449
0.078539816,2.042035225,-23.5619449
0.097389372,1.884955592,-23.5619449
0.116238928,1.570796327,-39.26990817
0.128805299,1.099557429,-31.41592654
0.138230077,0.942477796,-23.5619449
0.147654855,0.628318531,-39.26990817
0.150796447,0.157079633,-31.41592654
0.150796447,0,-15.70796327
0.150796447,-0.157079633,-7.853981634
0.147654855,-0.157079633,0
0.147654855,-0.157079633,0
0.144513262,-0.157079633,0
0.144513262,-0.157079633,0
0.141371669,-0.157079633,-6.9E-14
0.141371669,-0.157079633,-7.853981634
0.138230077,-0.314159265,1.39E-13
0.135088484,-0.157079633,15.70796327
0.135088484,0,-6.9E-14
0.135088484,-0.157079633,-7.853981634
0.131946891,-0.157079633,7.853981634
0.131946891,0,-6.9E-14
0.131946891,-0.157079633,-7.853981634
0.128805299,-0.157079633,7.853981634
0.128805299,0,7.853981634
0.128805299,0,0
0.128805299,0,-7.853981634
0.128805299,-0.157079633,-7.853981634
0.125663706,-0.157079633,7.853981634
0.125663706,0,7.853981634
0.125663706,0,0
0.125663706,0,0
0.125663706,0,0
0.125663706,0,0
0.125663706,0,0
0.125663706,0,0
0.125663706,0,0
0.125663706,0,0
0.125663706,0,0
0.125663706,0,0
0.125663706,0,0
0.125663706,0,-7.853981634
0.125663706,-0.157079633,-7.853981634
0.122522113,-0.157079633,7.853981634
0.122522113,0,7.853981634
0.122522113,0,0
0.122522113,0,0
0.122522113,0,0
0.122522113,0,0
0.122522113,0,0
0.122522113,0,0
0.122522113,0,0
0.122522113,0,0
0.122522113,0,0
0.122522113,0,0
0.122522113,0,0
0.122522113,0,0
0.122522113,0,0
0.122522113,0,0
0.122522113,0,0
0.122522113,0,0
0.122522113,0,0
0.122522113,0,0
0.122522113,0,0
0.122522113,0,0
0.122522113,0,0
0.122522113,0,0
0.122522113,0,0
0.122522113,0,0
0.122522113,0,0
0.122522113,0,0
0.122522113,0,0
-0.097389372,0.785398163,-7.853981634
-0.091106187,0.785398163,3.3E-14
-0.081681409,0.785398163,-7.853981634
-0.075398224,0.628318531,-15.70796327
-0.069115038,0.471238898,-15.70796327
-0.065973446,0.314159265,-7.853981634
-0.062831853,0.314159265,5.3E-14
-0.05969026,0.314159265,-7.853981634
-0.056548668,0.157079633,-15.70796327
-0.056548668,0,-7.853981634
-0.056548668,0,0
-0.056548668,0,0
-0.056548668,0,0
-0.056548668,0,0
-0.056548668,0,0
-0.056548668,0,0
-0.056548668,0,0
-0.056548668,0,0
-0.056548668,0,0
-0.056548668,0,0
-0.056548668,0,0
-0.056548668,0,0
-0.056548668,0,0
-0.056548668,0,0
-0.056548668,0,0
-0.056548668,0,0
-0.056548668,0,0
-0.056548668,0,0
-0.056548668,0,0
-0.056548668,0,0
-0.056548668,0,0
-0.056548668,0,0
-0.056548668,0,0
-0.056548668,0,0
-0.056548668,0,0
-0.056548668,0,0
-0.056548668,0,0
-0.056548668,0,0
-0.056548668,0,0
-0.056548668,0,0
-0.056548668,0,0
-0.056548668,0,0
-0.056548668,0,0
-0.056548668,0,0
-0.056548668,0,0
-0.056548668,0,0
-0.056548668,0,0
-0.056548668,0,0
-0.056548668,0,0
-0.056548668,0,0
-0.056548668,0,0
-0.056548668,0,0
-0.056548668,0,0
-0.056548668,0,0
-0.056548668,0,0
-0.056548668,0,0
-0.056548668,0,0
-0.056548668,0,0
-0.056548668,0,0
-0.056548668,0,0
-0.056548668,0,0
-0.056548668,0,0
-0.056548668,0,0
-0.056548668,0,0
-0.056548668,0,0
-0.056548668,0,0
-0.056548668,0,0
-0.056548668,0,0
-0.056548668,0,0
-0.056548668,0,0
-0.056548668,0,0
-0.056548668,0,0
-0.056548668,0,0
-0.056548668,0,0
-0.056548668,0,0
-0.056548668,0,0
-0.056548668,0,0
-0.056548668,0,0
-0.056548668,0,0
-0.056548668,0,0
-0.056548668,0,0
-0.056548668,0,0
-0.056548668,0,0
-0.056548668,0,0
-0.056548668,0,0
-0.056548668,0,0
-0.056548668,0,0
-0.056548668,0,0
-0.056548668,0,0
-0.056548668,0,0
-0.056548668,0,0
-1.555088364,5.183627878,62.83185307
-1.501681288,5.811946409,62.83185307
-1.438849435,6.44026494,54.97787144
-1.37287599,6.911503838,62.83185307
-1.300619359,7.696902001,70.68583471
-1.21893795,8.325220532,47.1238898
-1.134114948,8.639379797,47.1238898
-1.046150354,9.267698328,62.83185307
-0.948760981,9.896016859,47.1238898
-0.848230016,10.21017612,31.41592654
-0.744557459,10.52433539,39.26990817
-0.637743309,10.99557429,31.41592654
-0.524645973,11.15265392,7.853981634
-0.41469023,11.15265392,8.9E-14
-0.301592895,11.15265392,-7.853981634
-0.191637152,10.99557429,-15.70796327
-0.081681409,10.83849465,-15.70796327
0.025132741,10.68141502,-31.41592654
0.131946891,10.21017612,-54.97787144
0.229336264,9.581857593,-54.97787144
0.323584043,9.110618695,-62.83185307
0.411548638,8.325220532,-78.53981634
0.490088454,7.539822369,-86.39379797
0.562345085,6.597344573,-94.24777961
0.622035345,5.654866776,-86.39379797
0.675442421,4.869468613,-86.39379797
0.719424718,3.926990817,-94.24777961
0.753982237,2.984513021,-94.24777961
0.779114978,2.042035225,-102.1017612
0.794822941,0.942477796,-102.1017612
0.797964534,0,-86.39379797
0.794822941,-0.785398163,-70.68583471
0.782256571,-1.413716694,-54.97787144
0.766548607,-1.884955592,-54.97787144
0.744557459,-2.513274123,-62.83185307
0.716283125,-3.141592654,-54.97787144
0.681725606,-3.612831552,-39.26990817
0.644026494,-3.926990817,-39.26990817
0.603185789,-4.398229715,-47.1238898
0.5560619,-4.869468613,-39.26990817
0.505796417,-5.183627878,-31.41592654
0.452389342,-5.497787144,-23.5619449
0.395840674,-5.654866776,-7.853981634
0.339292007,-5.654866776,-15.70796327
0.282743339,-5.969026042,-15.70796327
0.219911486,-5.969026042,7.853981634
0.163362818,-5.811946409,15.70796327
0.103672558,-5.654866776,15.70796327
0.050265482,-5.497787144,15.70796327
-0.006283185,-5.340707511,31.41592654
-0.056548668,-4.869468613,39.26990817
-0.103672558,-4.555309348,31.41592654
-0.147654855,-4.241150082,39.26990817
-0.188495559,-3.769911184,47.1238898
-0.223053078,-3.298672286,47.1238898
-0.254469005,-2.827433388,54.97787144
-0.279601746,-2.199114858,54.97787144
-0.298451302,-1.727875959,47.1238898
-0.314159265,-1.256637061,54.97787144
-0.323584043,-0.628318531,62.83185307
-0.326725636,0,47.1238898
-0.323584043,0.314159265,23.5619449
-0.320442451,0.471238898,15.70796327
-0.314159265,0.628318531,7.853981634
-0.30787608,0.628318531,7.853981634
-0.301592895,0.785398163,15.70796327
-0.292168117,0.942477796,7.853981634
-0.282743339,0.942477796,0
-0.273318561,0.942477796,7.853981634
-0.263893783,1.099557429,15.70796327
-0.251327412,1.256637061,7.853981634
-0.238761042,1.256637061,-6.7E-14
-0.226194671,1.256637061,7.853981634
-0.2136283,1.413716694,7.853981634
-0.197920337,1.413716694,-7.853981634
-0.185353967,1.256637061,-6.7E-14
-0.172787596,1.413716694,7.853981634
-0.157079633,1.413716694,-7.853981634
-0.144513262,1.256637061,-7.853981634
-0.131946891,1.256637061,-7.853981634
-0.119380521,1.099557429,-7.853981634
-0.109955743,1.099557429,0
-0.097389372,1.099557429,-7.853981634
-0.087964594,0.942477796,-7.853981634
-0.078539816,0.942477796,-7.853981634
-0.069115038,0.785398163,-15.70796327
-0.062831853,0.628318531,-7.853981634
-0.056548668,0.628318531,-7.853981634
-0.050265482,0.471238898,-15.70796327
-0.04712389,0.314159265,-7.853981634
-0.043982297,0.314159265,-3.3E-14
-1.269203432,-3.141592654,149.225651
-1.294336173,-1.570796327,149.225651
-1.300619359,-0.157079633,117.8097245
-1.297477766,0.785398163,94.24777961
-1.284911395,1.727875959,86.39379797
-1.262920247,2.513274123,70.68583471
-1.234645913,3.141592654,62.83185307
-1.200088394,3.769911184,62.83185307
-1.159247689,4.398229715,62.83185307
-1.112123799,5.026548246,54.97787144
-1.058716724,5.497787144,54.97787144
-1.002168056,6.126105675,62.83185307
-0.936194611,6.754424205,54.97787144
-0.867079572,7.225663103,47.1238898
-0.791681349,7.696902001,39.26990817
-0.713141532,8.011061267,31.41592654
-0.631460123,8.325220532,31.41592654
-0.546637122,8.639379797,23.5619449
-0.458672527,8.79645943,15.70796327
-0.370707933,8.953539063,15.70796327
-0.279601746,9.110618695,1.78E-13
-0.188495559,8.953539063,-23.5619449
-0.100530965,8.639379797,-23.5619449
-0.015707963,8.482300165,-23.5619449
0.069115038,8.168140899,-39.26990817
0.147654855,7.696902001,-39.26990817
0.223053078,7.382742736,-47.1238898
0.295309709,6.754424205,-70.68583471
0.358141563,5.969026042,-62.83185307
0.41469023,5.497787144,-54.97787144
0.468097305,4.869468613,-78.53981634
0.512079603,3.926990817,-86.39379797
0.546637122,3.141592654,-78.53981634
0.574911456,2.35619449,-78.53981634
0.593761012,1.570796327,-78.53981634
0.606327382,0.785398163,-70.68583471
0.609468975,0.157079633,-62.83185307
0.609468975,-0.471238898,-62.83185307
0.600044197,-1.099557429,-47.1238898
0.587477826,-1.413716694,-39.26990817
0.571769863,-1.884955592,-39.26990817
0.549778714,-2.199114858,-31.41592654
0.527787566,-2.513274123,-39.26990817
0.499513232,-2.984513021,-31.41592654
0.468097305,-3.141592654,-23.5619449
0.436681379,-3.455751919,-31.41592654
0.398982267,-3.769911184,-15.70796327
0.361283155,-3.769911184,-7.853981634
0.323584043,-3.926990817,-15.70796327
0.282743339,-4.08407045,-7.853981634
0.241902634,-4.08407045,-8.9E-14
0.20106193,-4.08407045,0
0.160221225,-4.08407045,7.853981634
0.119380521,-3.926990817,15.70796327
0.081681409,-3.769911184,15.70796327
0.043982297,-3.612831552,15.70796327
0.009424778,-3.455751919,23.5619449
-0.025132741,-3.141592654,31.41592654
-0.053407075,-2.827433388,23.5619449
-0.081681409,-2.670353756,31.41592654
-0.10681415,-2.199114858,39.26990817
-0.125663706,-1.884955592,31.41592654
-0.144513262,-1.570796327,39.26990817
-0.157079633,-1.099557429,47.1238898
-0.166504411,-0.628318531,39.26990817
-0.169646003,-0.314159265,31.41592654
-0.172787596,0,23.5619449
-0.169646003,0.157079633,7.853981634
-0.169646003,0.157079633,7.853981634
-0.166504411,0.314159265,-6.9E-14
-0.163362818,0.157079633,-7.853981634
-0.163362818,0.157079633,7.853981634
-0.160221225,0.314159265,7.853981634
-0.157079633,0.314159265,-6.9E-14
-0.15393804,0.314159265,-7.853981634
-0.150796447,0.157079633,-7.853981634
-0.150796447,0.157079633,7.853981634
-0.147654855,0.314159265,0
-0.144513262,0.157079633,-7.853981634
-0.144513262,0.157079633,7.853981634
-0.141371669,0.314159265,6.9E-14
-0.138230077,0.157079633,-7.853981634
-0.138230077,0.157079633,-1.39E-13
-0.135088484,0.157079633,6.9E-14
-0.135088484,0.157079633,6.9E-14
-0.131946891,0.157079633,6.9E-14
-0.131946891,0.157079633,6.9E-14
-0.128805299,0.157079633,-1.39E-13
-0.128805299,0.157079633,-1.39E-13
-0.125663706,0.157079633,-7.853981634
-0.125663706,0,-15.70796327
