  -1.419764966540613,  -1.260658727692465, -13.222996067122184
  -1.948684809225500,  -1.240279678748117, -26.318954032971455
  -2.472523127859471,  -1.217337252221514, -25.869564536397469
  -2.983467390681399,  -1.175770136589499, -25.375204100101101
  -3.487531291863515,  -1.133791138149367, -24.609220937392461
  -3.967836228177098,  -1.085561385244077, -23.457342349828458
  -4.425824985856654,  -1.014444517086013, -22.569773459623253
  -4.870627166562028,  -0.950472020430850, -21.828203981534486
  -5.298953145118033,  -0.882435895564008, -20.433913719074436
  -5.687983715325005,  -0.808599101083138, -18.559192172513136
  -6.041320832018559,  -0.733632523486680, -16.563420615642197
  -6.350520539950693,  -0.652843562287922, -14.629906687674165
  -6.626517099525525,  -0.566154247462066, -12.682222173966217
  -6.857809426909342,  -0.483915447202884, -10.116450442095992
  -7.031175117209365,  -0.398893184986437,  -7.561015280526262
  -7.160250038130393,  -0.320231458562647,  -5.724504151033383
  -7.260155283250700,  -0.244014482220535,  -3.654691501755902
  -7.306437698200629,  -0.173412182887184,  -1.314125014888479
  -7.312720283846240,  -0.100482100606734,   0.333464104512649
  -7.293099134020123,  -0.037694258665819,   1.671302907271310
  -7.245868167555387,   0.027358879661817,   3.618337226212387
  -7.148365644971627,   0.094495113209200,   5.988920533317477
  -7.006311346222688,   0.159045074909672,   8.113554452249483
  -6.823823466881648,   0.230360052446247,   9.684514297190860
  -6.618930774335054,   0.301111580750732,  11.545799520354617
  -6.361991486067463,   0.373842371940486,  13.867279414254096
  -6.064239597764890,   0.439179973100457,  15.583352640419456
  -5.738657380450685,   0.502155950927084,  16.934857832431071
  -5.386845284467647,   0.567608015728753,  18.430188784591216
  -5.001449829067036,   0.632813603951219,  19.922181341436840
  -4.589958030810173,   0.699011155175582,  21.207926578168902
  -4.153132765940280,   0.763637418801783,  22.172418570098550
  -3.703061288006231,   0.823928836433363,  22.928304708883029
  -3.236000577584959,   0.888099232612769,  24.336474779437033
  -2.729602296828750,   0.952820874882349,  25.823441853177275
  -2.203062903457868,   1.018078132772875,  26.279617672962061
  -1.678417589910267,   1.071424708877144,  26.758906099162409
  -1.132706659491372,   1.119049122182410,  27.132236759276982
  -0.593128119539188,   1.158550616206926,  27.199324660514883
  -0.044733673070776,   1.190008137157418,  27.619891329754797
   0.511667533651004,   1.215321572707065,  27.581256041450590
   1.058516568587247,   1.225677095181374,  26.781656216481508
   1.582933782310264,   1.221087219782300,  25.883807394190988
   2.093868864354887,   1.194641487071406,  25.658266082675020
   2.609264425617265,   1.160260782682761,  25.721853574148213
   3.122743007320815,   1.117053667837445,  24.980604830959063
   3.608488618855628,   1.062217985255515,  23.681137854819944
   4.069988521513613,   1.012040940609709,  22.275744013347996
   4.499518379389547,   0.950111064958393,  21.130194801908520
   4.915196313589954,   0.883156831768983,  20.143411153894974
   5.305254825545346,   0.822018977305978,  18.653760286947382
   5.661346725067849,   0.762239517384777,  17.179943829484621
   5.992452578724731,   0.695004401453235,  15.804109097962460
   6.293511088986348,   0.631202535447736,  14.020671692929930
   6.553279446441929,   0.562940885568552,  12.511664524526655
   6.793977669967414,   0.493656787617240,  11.041020275420532
   6.994920257458750,   0.421293157182642,   8.131318077721449
   7.119230393076272,   0.337336278047733,   5.956838822813326
   7.233193810371283,   0.277235038666481,   4.942432851960255
   7.316927707154682,   0.200636524256702,   3.699372884813057
   7.381168725763805,   0.129760879833991,   1.558190002171056
   7.379255307241524,   0.053430577896079,  -1.837833009647194
   7.307655405377917,  -0.016077281037522,  -4.433834515478807
   7.201901926622372,  -0.088382166907963,  -5.649036536101160
   7.081693943933871,  -0.159730040065473,  -7.913291643695430
   6.885370260874555,  -0.229956024894764,  -9.842956160252836
   6.687975697523758,  -0.276027298038581, -11.052009334028167
   6.443289887513428,  -0.346802458889569, -12.905040304651161
   6.171774085337711,  -0.401054685200822, -14.526353120034695
   5.862235762712040,  -0.467001991618389, -16.840139509617067
   5.498168504953028,  -0.553518870450607, -18.953972484009473
   5.104076863351661,  -0.623444053917605, -20.621411373047096
   4.673312050031145,  -0.723161095757615, -22.565009063503027
   4.201476500811540,  -0.785581099981784, -24.289882229895820
   3.701716760835312,  -0.838313870289620, -25.899120445694390
   3.165511682983765,  -0.895487023517264, -26.857317791124956
   2.627424049190314,  -0.961205855088042, -28.056842434010775
   2.043237985623334,  -1.058216854537886, -28.541496434202465
   1.485764191822215,  -1.140110322085057, -23.580297499499647
   1.100026085643348,  -1.185701433504758, -24.117392004344264
   0.521068511648444,  -1.243970751636263, -32.865020157202068
  -0.214574720644735,  -1.387109003784375, -34.171978310625001
  -0.845810620776555,  -1.407909088230300, -30.965522229699197
  -1.453195609832703,  -1.482874109300051, -29.215649242713944
  -2.014436590485113,  -1.425821507048201, -24.252464947608260
  -2.423294207737033,  -1.307518116923110, -21.512742334338398
  -2.874946283858649,  -1.213674630030150, -22.364196471593022
  -3.317862066600754,  -1.110184093854792, -22.613744679230905
  -3.779496071027885,  -1.033595834459379, -23.223010063367244
  -4.246782469135444,  -0.966438218088817, -21.945043674506458
  -4.657297818008144,  -0.888868987864596, -20.201265713454596
  -5.054833097673628,  -0.850204822357473, -21.645467428440444
  -5.523116515145762,  -0.827021203955381, -22.803524804418384
  -5.966974089850363,  -0.774817407760982, -19.333207653971286
  -6.296444821304613,  -0.716344057742143, -14.367229842571238
  -6.541663283553213,  -0.635445376257838, -11.272916063961436
  -6.747361463863070,  -0.554597581566086, -10.278548114907915
  -6.952805208149529,  -0.498349228507479, -10.000481850758568
  -7.147380737893413,  -0.432656206610451,  -8.857342612610619
  -7.307098912653954,  -0.367329427917994,  -6.610377612528739
  -7.411795842394563,  -0.286122625793918,  -2.693448496733852
  -7.414836852523308,  -0.218367136045398,  -1.754711157243194
  -7.481984288684290,  -0.145353819195728,  -1.804591640279529
  -7.487020518134489,  -0.075016090098349,   0.601118280972202
  -7.457939557445402,  -0.003326056196914,   3.052247410667741
  -7.364930621707780,   0.075627270662791,   5.563683292816379
  -7.235392225732747,   0.146014475556497,   7.624794999473417
  -7.059938821728843,   0.224095936387197,   9.740374097664573
  -6.845777261826164,   0.304071239610054,  12.128065920376297
  -6.574816184913791,   0.392976042511446,  14.815345423443560
  -6.253163444888422,   0.478541077450286,  17.074445633734989
  -5.891838359564392,   0.550752400479511,  18.965266007889880
  -5.494552804572827,   0.641939364996962,  20.465941598204406
  -5.073200695636215,   0.700956602471737,  21.974669674421918
  -4.615566017595950,   0.778102530591599,  23.526185478564706
  -4.132153276493627,   0.841079565532519,  25.143372989038028
  -3.609831098034429,   0.911007126647209,  26.217333128846185
  -3.083459951339779,   0.962225280536304,  26.438347674093421
  -2.552297191070692,   1.028110341219747,  26.978557886826650
  -2.004317635866713,   1.099915079669119,  27.763951770126521
  -1.441739120265631,   1.162286199358647,  28.394004187055756
  -0.868557468384483,   1.219945188587758,  28.812454586136166
  -0.289240936820184,   1.264871314496157,  28.760707118195985
   0.281870816343356,   1.288060102342115,  28.357385437879714
   0.845054480695004,   1.308593848265305,  28.324002837492905
   1.414830929843073,   1.296688051855917,  28.715006081458078
   1.993654723953327,   1.260614182935694,  28.357788637917469
   2.549142475359771,   1.207307027520964,  26.662116116503920
   3.060139368613484,   1.142325109028807,  24.851100120732173
   3.543186480189058,   1.068436394665971,  24.049925491609734
   4.022136388277874,   1.023088117091295,  22.941621472797490
   4.460851339100958,   0.950894118216418,  21.259866501801113
   4.872531048349918,   0.881157268092010,  19.987714821456002
   5.260359931959198,   0.817908167803684,  18.121224261606095
   5.597380018814162,   0.702650026210915,  16.273995259962447
   5.911319742357696,   0.656661441249276,  14.784216687253849
   6.188748686304316,   0.592576659850970,  13.091206067563043
   6.434967985060218,   0.540863317831177,  11.645850274223491
   6.654582697273256,   0.474744283355375,  10.130357560040103
   6.840182287461822,   0.414659351673081,   8.655912998453385
   7.000819217211391,   0.361911056215572,   7.467745767917133
   7.138892118178507,   0.290464416511095,   5.733985315036549
   7.230178629812853,   0.221759940338385,   3.529667202687570
   7.280078806286010,   0.151385353946617,   1.845009796672414
   7.303979021679750,   0.082135787220869,  -0.366565541968789
   7.265416184607258,   0.011274284536804,  -2.616198961483240
   7.199331063220420,  -0.041875322794458,  -3.741586009268683
   7.115752744236511,  -0.093469757422539,  -5.611321386100609
   6.974878207776396,  -0.165649636996509,  -8.088038305135825
   6.792231212031078,  -0.249853490349893, -10.501471807231511
   6.554819335487135,  -0.337065077284458, -13.202236500713349
   6.264141752002544,  -0.420467231774435, -15.855565540396777
   5.920596713871264,  -0.500186674976505, -18.375514902373766
   5.529121155907593,  -0.579027135297668, -20.629197554924293
   5.095428811674292,  -0.660463231823581, -15.118111546939449
   4.924396694030015,  -0.472395955030074, -17.999232516657582
   4.375459511007989,  -0.820733536311196, -29.830263576905146
   3.731186150953810,  -0.898661229260309, -31.892401625967114
   3.099763445969304,  -0.981413710908867, -30.469570366805176
   2.512403336281603,  -1.008530613339441, -29.216974874177446
   1.931084451002206,  -1.042347405202817, -28.825134398328977
   1.359397960348443,  -1.079046841730855, -27.125470940342844
   0.846065613388493,  -1.145797408009854, -25.931777289975553
   0.322126868749421,  -1.188079624775943, -26.336018043007059
  -0.207375108331790,  -1.204758972495572, -26.865363990247019
  -0.752487690860460,  -1.217575866595471, -26.714655880906399
  -1.275961343568046,  -1.166859972721882, -26.628118083118622
  -1.817612414185204,  -1.182389022953975, -25.816503441471106
  -2.308621481226890,  -1.094729050971978, -24.127379901506341
  -2.782707610245458,  -1.061805550344602, -24.250050220578011
  -3.278623490050010,  -1.106321318434929, -24.138076813153198
  -3.748230682771586,  -1.064213506402353, -22.730816739042815
  -4.187856159611723,  -1.011122960623534, -21.503402156292459
  -4.608366769023284,  -0.955154976107489, -20.532279725724401
  -5.009147348640699,  -0.894098751882641, -19.476888006373414
  -5.387442289278221,  -0.829335858711163, -19.752421235588578
  -5.799244198064242,  -0.920167912558441, -18.793813912412105
  -6.139194845774705,  -0.722722433838221, -17.244120925408680
  -6.489009035080589,  -0.628781512637153, -15.146795485857822
  -6.745066665209018,  -0.547767078477451, -13.076287396538767
  -7.012060530942140,  -0.536375862350626, -12.662666582276572
  -7.251573328500081,  -0.495293461262463,  -8.802764041681566
  -7.364171092609403,  -0.336274331925251,  -5.245353778198503
  -7.461387479628021,  -0.255172623030271,  -3.463168036540831
  -7.502697814071036,  -0.176056310716986,  -0.682018657965955
  -7.488668225946659,  -0.103270332928830,   1.553936955528723
  -7.440540335849887,  -0.017345316062706,   4.527983711511530
  -7.307548877486198,   0.062909718024817,   6.808359878278036
  -7.168205940718765,   0.131472985517938,   8.299700080417338
  -6.975560874269505,   0.209301334073928,  11.025685009066866
  -6.727178540356091,   0.270135095715453,  12.870939602806564
  -6.460723290157242,   0.331928193502970,  14.294086106857185
  -6.155415096081803,   0.409726642246718,  15.114991571596814
  -5.856123627293369,   0.434998827089648,  15.563507270058796
  -5.532874805279452,   0.490626116042989,  16.641194931510395
  -5.190475830032954,   0.547373798581236,  17.722068277787663
  -4.823992074167945,   0.616531075794136,  19.230017739295093
  -4.421275120461150,   0.676328491351094,  21.138995018319040
  -3.978432273435184,   0.741809918437498,  22.461752829759419
  -3.522805007270773,   0.804949610521250,  23.700482482406969
  -3.030412974138905,   0.874221504624912,  25.003224661253142
  -2.522676020820648,   0.938094036313171,  25.755196724243312
  -2.000205105169172,   1.006535178439909,  26.352088125866679
  -1.468592495785980,   1.068132528714992,  26.961861959206551
  -0.921730626800910,   1.130961620186891,  27.478416233577171
  -0.369455846442894,   1.190609962548006,  27.541088151390063
   0.179912899254692,   1.240264198270519,  27.936136366916024
   0.747989608233747,   1.271382568633745,  28.482949249307147
   1.319230869226978,   1.292014432067534,  28.238363328285132
   1.877524141365153,   1.297131687862282,  27.550638113617588
   2.421256393771682,   1.275536043517488,  26.579396739481808
   2.940700010944425,   1.236181581214601,  25.925874167643048
   3.458291360477403,   1.182207410425191,  25.684746107766166
   3.968089855255072,   1.121947453115239,  24.601143238564038
   4.442337090019965,   1.053938198838890,  23.212014229087952
   4.896570424418590,   0.987445607809603,  21.951833643684981
   5.320410435767364,   0.921643672841011,  20.438171657467151
   5.714097290717276,   0.850708602959776,  18.883090423671220
   6.075734052714213,   0.773187658268997,  17.211523452982512
   6.402558228836576,   0.703380402588218,  15.665812856200812
   6.702366566962246,   0.634378311007560,  14.155291443747586
   6.968769886586480,   0.550065753362066,  12.276356179315462
   7.193420814134864,   0.478621606757973,  10.001469825824238
   7.368828679619449,   0.404146461275898,   7.854746564905146
   7.507610676731070,   0.322385075907539,   5.427931002740127
   7.585945919729054,   0.231574763268805,   2.870127407326239
   7.622415773024120,   0.151726321538235,   0.142957520342368
   7.591664220542749,   0.092300965760872,  -1.822699962741003
   7.549507774514479,   0.026812916247465,  -3.011826730634892
   7.471191151317353,  -0.043207516608662,  -5.877171227517897
   7.314420925413764,  -0.138702882817172,  -8.577436100725656
   7.128093707288327,  -0.221328042309345, -10.135936881737461
   6.908983450144265,  -0.266603128747001, -11.657190487625435
   6.661806087783310,  -0.327930132321261, -12.980461437828250
   6.389764992631135,  -0.400546957123336, -14.784340249887373
   6.070432477787815,  -0.467897114935512, -17.343399370469182
   5.696029017812368,  -0.538603766408910, -19.555636774631544
   5.288207006802553,  -0.611042017715318, -20.680741920354517
   4.868799340998187,  -0.685161120365338, -21.635887651299068
   4.422771500750590,  -0.745952214979933, -22.680583746256744
   3.961575991147917,  -0.807915991356840, -22.954330021047788
   3.504598299908679,  -0.863141159274996, -23.450534054214103
   3.023554628979353,  -0.922592883420853, -24.596429195628708
   2.520741132083530,  -0.985463603703894, -25.782242520477531
   1.992264928160252,  -1.047023374753512, -26.766535862588789
   1.450079697579979,  -1.104505523137471, -27.289895121649167
   0.900669123294285,  -1.157875870457491, -27.525025163353792
   0.349078691045827,  -1.200509088114850, -27.676516910457629
  -0.206391553124020,  -1.230372872941697, -27.669064926627517
  -0.757683906019274,  -1.262464988247309, -27.709202105086739
  -1.314759637327489,  -1.276836852034756, -27.532195540029953
  -1.858971727620472,  -1.260407595926988, -26.989582334278580
  -2.394342930698633,  -1.222661438421957, -26.784732034240818
  -2.930361008990105,  -1.176198497925425, -25.973179071766459
  -3.433270093569291,  -1.117909588517071, -24.604660382245235
  -3.914547424279914,  -1.058223946771069, -23.677404537955614
  -4.380366275087516,  -0.995946471509190, -22.449579751172209
  -4.812530614326803,  -0.931497539363082, -21.312129884067453
  -5.232851470450214,  -0.861379620389040, -20.199774689065130
  -5.620521601889408,  -0.788711170442123, -18.362533261081460
  -5.967352800893472,  -0.719314258476270, -16.559564476112975
  -6.282904180933927,  -0.643825380528391, -14.695398383598191
  -6.555168736237400,  -0.570584176360717, -12.672300203575372
  -6.789796189076942,  -0.500876121566486, -10.745664024715174
  -6.984995297226007,  -0.426764334154663,  -9.159054057398119
  -7.156158351372866,  -0.350749437316859,  -7.146141917649906
  -7.270840973932003,  -0.270577243551335,  -4.481832666696040
  -7.335431658040708,  -0.194013859338467,  -2.473271036779390
  -7.369771815403179,  -0.123199778765144,  -0.624032472718228
  -7.360392956949437,  -0.055305216148789,   1.644220458058321
  -7.304002997080846,   0.013772768567990,   3.900184558847419
  -7.204385574595540,   0.091319741052643,   6.072708932177329
  -7.061094639793753,   0.164769445351557,   7.934641176363089
  -6.886999927541017,   0.241654060376657,  10.367256526181956
  -6.646404378746475,   0.311321663408076,  12.379737366110689
  -6.391810432896589,   0.379358675894879,  13.856111534618254
  -6.092159917361744,   0.459296289320081,  16.019092628500808
  -5.751046727756557,   0.528485866369613,  17.453889074766014
  -5.394004354371104,   0.593389291640984,  18.737754213568824
  -5.001536559213804,   0.655195946655154,  20.179618391450347
  -4.586819618713090,   0.715335677303354,  21.616415629833227
  -4.136879934020475,   0.776952516637744,  22.616826778081986
  -3.682146547589810,   0.835821152055667,  23.319406677910347
  -3.204103666904061,   0.893816492193174,  24.266234487119252
  -2.711497168105040,   0.955227446812057,  24.717119166313630
  -2.215418900251516,   1.008216585335484,  25.281735931932161
  -1.700227730827754,   1.059738455321215,  26.236879574090288
  -1.165943717287904,   1.112715051250981,  26.841295925590103
  -0.626575893804150,   1.160068882768621,  27.651790650787763
  -0.059872091256394,   1.191386854632218,  28.030383493930415
   0.494639445953067,   1.209788631416823,  27.441751659869485
   1.037797975138386,   1.212851381824966,  27.064434634326044
   1.577216831326109,   1.206905841172560,  26.608842019494681
   2.102151655918173,   1.178289414906051,  25.639211447483987
   2.602785289225468,   1.143420613043355,  24.911117208732911
   3.098596344267490,   1.107550391573884,  24.268508643428486
   3.573525634962608,   1.060883403292854,  23.312655855207339
   4.031102578475783,   0.999005362707725,  22.364984554323982
   4.468125017135567,   0.939191592738844,  21.268985174607423
   4.881861985460080,   0.875401598553383,  19.995281683869347
   5.267936284490341,   0.806841785051253,  18.408155434285888
   5.618188202831516,   0.742953442162359,  16.821299453860661
   5.940788262644768,   0.677181874127514,  15.083576390793340
   6.221531258463250,   0.608529641425307,  13.233195096660344
   6.470116066511181,   0.529396343096474,  11.038109033331956
   6.663055619796528,   0.448494413675826,   8.939066460813061
   6.827678724943704,   0.384001318630476,   7.391620203475369
   6.958720427935543,   0.316381831303837,   5.716155049947202
   7.056324926941592,   0.250699219519500,   3.920886294356851
   7.115555879709817,   0.187747315972581,   2.374301789847699
   7.151296998535500,   0.128536633992727,   0.991209463810971
   7.155204258262255,   0.080807767722476,  -0.686124997865090
   7.123851998620896,   0.018498580099906,  -2.704778439394184
   7.047013120686488,  -0.060167513308320,  -4.655356285314216
   6.937637747208328,  -0.112645499308286,  -6.537876628245987
   6.785498055556649,  -0.192302004380133,  -8.331212291353740
   6.604389255554178,  -0.262701925833158, -10.130806121912217
   6.380265810680160,  -0.310595427018695, -11.829218369984451
   6.131220520754800,  -0.372499320116599, -13.369237264890742
   5.845496320084530,  -0.449155487583620, -15.487845377709464
   5.511706705646422,  -0.529931565748149, -17.699084224682071
   5.137532951097247,  -0.618398956022827, -19.420804235212241
   4.734874536237932,  -0.703855258738580, -20.984284595456515
   4.298161567278987,  -0.781618706768063, -22.930418586505276
   3.817657792777721,  -0.859397877532742, -24.522625052085978
   3.317256565195548,  -0.916965484543411, -25.637595963097858
   2.792153954253807,  -0.981453650356132, -26.536182393308657
   2.255809269463201,  -1.043966934183620, -26.803519916153334
   1.720013157607673,  -1.097030425237317, -26.613172127909966
   1.191282384346803,  -1.152072853740290, -26.955501823750524
   0.641793084657652,  -1.201883866966520, -28.210911103228391
   0.062845940217667,  -1.243166767674196, -29.217914300743129
  -0.526923487372073,  -1.271122020459559, -29.573900543116473
  -1.120110081506992,  -1.286083812496781, -29.296810311164720
  -1.698795899818662,  -1.285146845069515, -28.166535065490109
  -2.246771484126596,  -1.266251579540469, -27.288355954279886
  -2.790330137989857,  -1.234632264453443, -26.663807678198726
  -3.313323791254545,  -1.175179591051555, -25.843215893238934
  -3.824058773719415,  -1.120709876711653, -24.651545822592357
  -4.299385624158240,  -1.063387966473889, -23.129913180740488
  -4.749255300949034,  -0.995368613548120, -21.867107463327539
  -5.174069922691341,  -0.932631976957433, -20.287143695334684
  -5.560741048762422,  -0.862203783238519, -18.582236004330088
  -5.917359362864545,  -0.788036422504244, -17.047575616000209
  -6.242644073402430,  -0.716876530910921, -15.662521202975288
  -6.543860210983556,  -0.647149880076867, -14.312453548223015
  -6.815142215331351,  -0.570176522038583, -12.230921798400507
  -7.033097082919577,  -0.497148658436712,  -9.997543997718372
  -7.215043975240086,  -0.417107512656451,  -7.896398408839289
  -7.348953019273148,  -0.338370728014090,  -5.946845452449301
  -7.452917793338058,  -0.264202665510331,  -3.905738720573471
  -7.505182568096087,  -0.191080364511186,  -1.667683502138173
  -7.519625133423585,  -0.116375419927037,   0.441537379620938
  -7.487521072911250,  -0.044454050860716,   2.296915155981449
  -7.427748527184327,   0.024683945015353,   4.280167275580471
  -7.316314381888031,   0.103277932554880,   6.899131456894336
  -7.151783268908553,   0.176630528242418,   9.090220850132802
  -6.952705547882719,   0.249929267397012,  10.874084389739558
  -6.716819893318971,   0.323774660364718,  13.034618811069798
  -6.431320795439927,   0.400078041759141,  15.378135367326927
  -6.101694478625894,   0.468567443653748,  17.163942634610386
  -5.744763090055511,   0.538699060654004,  18.803584175850908
  -5.349551111591857,   0.608902651348184,  20.285173949318679
  -4.933356132082764,   0.678304014664228,  21.514133721307395
  -4.488985762739562,   0.747949409809694,  23.133331327789097
  -4.008022878971200,   0.815867888742874,  24.703909462018125
  -3.500829384258837,   0.874683142262640,  25.578768147720186
  -2.984872153062393,   0.941685902519083,  26.098920095097910
  -2.456872580454920,   0.998567271112973,  26.792593927534075
  -1.913168395961030,   1.058234521000840,  27.475533222979770
  -1.357851251535729,   1.111508095626662,  27.824179831731669
  -0.800201202691763,   1.156067606769691,  27.991093178485215
  -0.238207524396321,   1.192472618178170,  27.792327379788418
   0.311491892499774,   1.211134564973486,  27.618517756974732
   0.866533185882668,   1.215739551434896,  27.667253736320426
   1.418182041952591,   1.211283860117733,  27.680462925067928
   1.973751702885385,   1.174652064383333,  26.542614708547568
   2.479886630294494,   1.222539385552554,  25.527160560231319
   2.994838125294638,   1.071210508341111,  25.811176142454627
   3.512333675992679,   1.007832202374513,  24.751887480901246
   3.984913624530688,   0.967535757772328,  23.028987308744540
   4.433493168342460,   0.923952438087687,  21.560500768908121
   4.847333655287013,   0.876700050187906,  20.402559485936990
   5.249595547779940,   0.823217113916705,  19.695040757239155
   5.635135285576579,   0.763485680302994,  18.045709824168156
   5.971423940746666,   0.702364555896789,  16.157385803116497
   6.281430717701239,   0.634930174495238,  14.976811568202697
   6.570496403474774,   0.564482487596807,  13.119080414108630
   6.806193934265584,   0.483411892226184,  10.708230160675193
   6.998825609901782,   0.421738353202156,   9.084146349901445
   7.169559788261642,   0.350769339739428,   7.249863096166109
   7.288820133748426,   0.280430137657365,   5.114339311990190
   7.374133360741250,   0.200178799693242,   2.785010023732637
   7.400220534697731,   0.122805655746138,   0.372765275903220
   7.389043971777379,   0.049270478977489,  -1.710212076107087
   7.331812051653448,  -0.030359654337136,  -4.043508940215212
   7.227303614168770,  -0.099205583466205,  -6.426121604638002
   7.074767187467928,  -0.180422931942301,  -8.457488620893061
   6.889004069333048,  -0.253762407696044, -10.603696781771731
   6.650619316197059,  -0.324284935666974, -12.599865555741797
   6.385009447103376,  -0.394418802837808, -14.606774053169037
   6.066348354070297,  -0.465039174879211, -16.354301580093413
   5.730837383899639,  -0.529260693197099, -17.439019585380564
   5.368787570655075,  -0.592449536700712, -19.242621111118098
   4.961132539454916,  -0.664038750005495, -21.250590092893674
   4.518763966939328,  -0.733794539823072, -22.530987022491942
   4.059893058555238,  -0.799497428867605, -23.514812249866001
   3.578171476944688,  -0.867761470703258, -25.938437743111542
   3.022355548830776,  -0.939264088580984, -27.085529020148435
   2.494750316138750,  -0.995716341069850, -25.736226295415193
   1.992906497014168,  -1.041836828204360, -25.386163642575745
   1.479303770435720,  -1.084872239721553, -25.329407021432885
   0.979730216156853,  -1.133048500904401, -25.458267787416986
   0.460973058939041,  -1.172025799449703, -26.062744548541041
  -0.062779565784789,  -1.187600166174356, -26.304787261607487
  -0.591218431525259,  -1.199054873728875, -26.340188080399152
  -1.116387089000755,  -1.208373357731227, -26.372848565058195
  -1.646132374127587,  -1.214474987098314, -26.238113362772662
  -2.165911623511661,  -1.198441190799510, -25.552934374007990
  -2.668249749087906,  -1.169548593695023, -24.528443158747628
  -3.147049349861566,  -1.139269824863789, -24.095361528070470
  -3.632064210210725,  -1.088532640961858, -23.784191398800836
  -4.098417005813600,  -1.031501881991572, -22.606916471357263
  -4.536340869065016,  -0.970594530061511, -21.233612306667361
  -4.947761498080294,  -0.914970032566654, -20.273989310496134
  -5.347300441484861,  -0.858386489335865, -19.190464832286747
  -5.715380091371764,  -0.797700181295328, -17.759169337935020
  -6.057667215002262,  -0.732299211127128, -16.407726126734488
  -6.371689136441144,  -0.663762357789852, -14.408750983251117
  -6.634017254332306,  -0.588822613359921, -12.605213520015157
  -6.875897677241750,  -0.515624282172655, -11.348252673427762
  -7.087947361269417,  -0.447997554826352,  -9.510584452577021
  -7.256321055344831,  -0.381577013804832,  -6.944101132467861
  -7.365711406568131,  -0.301787994941753,  -4.750579672551436
  -7.446344242246888,  -0.229536825323093,  -3.049870300215218
  -7.487706218576740,  -0.160939540619673,  -0.759064249471897
  -7.476706812225764,  -0.083587437874293,   1.438161807165761
  -7.430179746290110,  -0.013304274654796,   3.255828792730098
  -7.346473660516560,   0.062824163850652,   5.598539407176961
  -7.206238170003031,   0.139050796885024,   7.908083331501392
  -7.030150327256504,   0.210765681201253,  10.056693678443063
  -6.803970422865309,   0.290272462509163,  11.937117871519387
  -6.552665612395729,   0.358700562893219,  14.087558814931089
  -6.240468070268065,   0.427193513216723,  15.993103718158498
  -5.912941463669389,   0.491575268681584,  17.630452884953662
  -5.535249954869919,   0.557636134104529,  19.909782784732101
  -5.116550152280105,   0.628508925320943,  21.721004785279916
  -4.666409763458722,   0.694401182247234,  22.729794115110622
  -4.207358387675680,   0.748886315859909,  23.396107358177719
  -3.730565469131613,   0.807898467100523,  24.391036709024092
  -3.231716919314716,   0.873624620952069,  25.388679095746056
  -2.715018305301771,   0.939392570174012,  26.362013923570650
  -2.177236362371890,   1.003825124367650,  27.307158012519096
  -1.622731984801007,   1.059129165296057,  27.910986664598134
  -1.060796895787965,   1.091595192909087,  28.163881880338327
  -0.496176709587474,   1.137605160922692,  28.487077860846611
   0.078686218645900,   1.173578364174846,  28.494363815391495
   0.643597843028186,   1.200245660887189,  27.592320444301798
   1.182379036417971,   1.208989858177445,  27.412191881435682
   1.740085518285613,   1.210464170502110,  27.743485461640027
   2.292118454883572,   1.198730646475552,  27.254098333170518
   2.830249451612434,   1.171156447344246,  26.336824954703165
   3.345591453071699,   1.138440667278359,  25.883932574146563
   3.865606754578296,   1.093591421115854,  25.126677846294854
   4.350658566923493,   1.038826712390967,  23.748219829493376
   4.815535547758031,   0.983127406798301,  22.547394620656910
   5.252554351749770,   0.917653809770891,  21.075445645404976
   5.658553373574231,   0.841436915049656,  19.574380318256047
   6.035529564480012,   0.766903435488451,  18.112264554242707
   6.383043955743939,   0.688038266805410,  15.930231447545017
   6.672738822381812,   0.606273649754520,  13.768102045841491
   6.933768037577599,   0.555809736000082,  12.130692277036758
   7.157966513463283,   0.489694723148905,  10.530669868406605
   7.354994832313863,   0.414143415104046,   8.604690442835805
   7.502154131176715,   0.335004454422411,   6.237427379867211
   7.604491927508551,   0.259540441899349,   4.245282214754842
   7.671965419766908,   0.183568224812041,   1.925438967345805
   7.681509486202383,   0.104459959166528,  -0.701105716493022
   7.643921191107188,   0.028631855269770,  -3.061864081164467
   7.559034922955805,  -0.044254255607534,  -5.458186018822309
   7.425593750354295,  -0.116163047410648,  -7.528769886181408
   7.257884127508548,  -0.187303702092305,  -8.882518419800745
   7.070293013562265,  -0.240002029369496, -10.703961147929641
   6.829725681591363,  -0.314684409744477, -13.250675117442690
   6.540266008864558,  -0.387131164903519, -15.334394499290172
   6.216349901619756,  -0.456789132479978, -17.792764072377597
   5.828555445969454,  -0.529753143068154, -20.357466051388037
   5.402051259564234,  -0.600121982405212, -21.431287789848152
   4.971303934375528,  -0.673066182387316, -22.250597300110876
   4.512027367559799,  -0.753456760805520, -23.599938186996724
   4.027306406895659,  -0.818994438379937, -24.343338273552927
   3.538293836617682,  -0.883029031659936, -24.563685657141221
   3.044758980610010,  -0.940516802241585, -25.293169236159340
   2.526567067171309,  -0.997855082833052, -26.144909897903755
   1.998962584693860,  -1.060211873923465, -27.048654436680508
   1.444620889704088,  -1.121506605325404, -28.047204455809734
   0.877074406461470,  -1.181505051821374, -28.204098909825156
   0.316456933311082,  -1.220798732157585, -28.075873815572812
  -0.245960546161442,  -1.243908090016858, -27.966480693900209
  -0.802202294444927,  -1.251206797542221, -27.526358835095174
  -1.347014899565249,  -1.248869567499091, -27.240630256016139
  -1.347014899565249,  -1.248869567499091, -13.448424366309991
  -1.884951874217649,  -1.227540270718031, -26.754110267898383
  -2.417179310281185,  -1.201643426659251, -26.400092789933705
  -2.940955585814997,  -1.160728060490435, -25.632844760005558
  -3.442493100681407,  -1.108776063486599, -24.737527467360266
  -3.930456684509408,  -1.057148425400711, -23.781298204479029
  -4.393745028860568,  -0.996861934624933, -22.533582274292542
  -4.831799975481109,  -0.935726781241588, -21.244195336650918
  -5.243512842326605,  -0.872016377501094, -19.841411609663083
  -5.625456439867633,  -0.802091139387925, -18.539608338942237
  -5.985097175884294,  -0.730494700244307, -16.912710459760373
  -6.301964858258048,  -0.656574868349810, -14.797109845797586
  -6.576981569716198,  -0.596629972134438, -13.103188336987026
  -6.826092391737529,  -0.524117677153188, -11.732807729031824
  -7.046293878877471,  -0.447614782115336,  -9.565796686887440
  -7.208724259213026,  -0.368302461674775,  -7.483791526439498
  -7.345645539935051,  -0.286761908733537,  -5.336037102818780
  -7.422165743325777,  -0.207226204683724,  -2.651503858023685
  -7.451705694255998,  -0.124458745563970,  -0.227495340651274
  -7.431265556951828,  -0.041548584944957,   2.262541046678246
  -7.361204052388868,   0.038406256942394,   4.726686889540610
  -7.242198081370204,   0.112827529679867,   7.015496983646674
  -7.080584173043001,   0.186635787455908,   8.838706390016316
  -6.888649825769551,   0.257122312020840,  10.906342578752803
  -6.644330469892889,   0.326265812856596,  12.896982313504068
  -6.372770533229389,   0.410125847651386,  14.720427712321538
  -6.055513361400028,   0.477166055306653,  16.458412822615422
  -5.714434020324772,   0.546539892110264,  18.064087914943983
  -5.332949844802268,   0.607662864725391,  19.395877987656007
  -4.938598900818532,   0.663852842880651,  20.579090508329976
  -4.509786224469069,   0.725178710564397,  21.715086895071888
  -4.069995425015656,   0.771731861395378,  22.203997040517752
  -3.621626342848359,   0.832084109506368,  22.767070861498784
  -3.159312590555705,   0.880697568200327,  23.424439448998449
  -2.684648764888421,   0.933865338858578,  24.008571380201673
  -2.198969735347638,   0.994124951577598,  25.237166619904073
  -1.675162100092258,   1.041372786863163,  26.239465393661437
  -1.149391119601180,   1.091896730922971,  26.435219023346683
  -0.617753339158391,   1.144747115052472,  26.947834778508309
  -0.071477728460848,   1.186446625895641,  27.214795391260722
   0.470838476492038,   1.210596421706398,  26.684810671927302
   0.995914698416244,   1.220866207717256,  25.975207909346047
   1.509846792865880,   1.216098140306012,  25.568750282543334
   2.018664709717978,   1.195391841815532,  25.703989676650778
   2.538006379931911,   1.160112219275752,  25.579564716340496
   3.041847298371597,   1.117073084678867,  25.265687629103095
   3.548633885096035,   1.070731104032717,  24.286588931128762
   4.013310855616748,   1.013136645282326,  22.890152918466111
   4.464240001834679,   0.949481880158729,  21.421393077818028
   4.870166578729469,   0.884973738182129,  19.997495084931828
   5.264139805231952,   0.823258783081400,  18.982121531337604
   5.629451439982973,   0.762672294764328,  17.353627172741714
   5.958284892141621,   0.696635088033822,  15.280109438090417
   6.240655817506590,   0.617726583910315,  13.301856740459584
   6.490359161760004,   0.543490715306693,  11.591593416851985
   6.704319554180669,   0.465502060687625,   9.393484197604106
   6.866098529664169,   0.392939372325031,   7.600399331970920
   7.008335527459506,   0.324225493261450,   5.947381255273143
   7.103993779875094,   0.256612586678672,   3.867817998019496
   7.163048247380286,   0.179809890951352,   1.495989418112997
   7.163833356599614,   0.110813111808981,  -0.717843819592567
   7.134334494596583,   0.042318100844768,  -2.078445970428744
   7.080695517782464,   0.001446478905566,  -3.530885875562229
   6.993099059574094,  -0.076385800035308,  -5.559211887195015
   6.858327042294664,  -0.153945865072898,  -7.941042235767770
   6.675457370143383,  -0.226753733711960, -10.356633434762607
   6.444061704904160,  -0.306633792669678, -12.477876011910659
   6.176342329666957,  -0.366198605964920, -13.723034742981488
   5.895140315184900,  -0.417339022256458, -14.357299651632282
   5.602050343601666,  -0.470683573129424, -15.615847733656739
   5.270506405838630,  -0.538160391587829, -16.878952927338918
   4.926892226508109,  -0.608052667046813, -18.185492373111554
   4.543086710914168,  -0.670870944062235, -19.974577552676596
   4.127909124401045,  -0.741963539706042, -21.241451996823589
   3.693428631041225,  -0.809638483230679, -22.303796220793203
   3.235757275569317,  -0.871132013833404, -23.015573961281866
   2.772805672589950,  -0.920216920894374, -23.776986437766965
   2.284677818058638,  -0.986833625767376, -24.886444149607698
   1.777347906605642,  -1.040337690442040, -25.724041337023429
   1.255716164577701,  -1.094029531875002, -26.884110830176652
   0.701983473398576,  -1.141473463476041, -27.632933899190096
   0.150398808610097,  -1.172242700236794, -27.906588470501596
  -0.414280065421488,  -1.190689844643980, -27.955523857966089
  -0.967822145708547,  -1.201888135754485, -27.486340483366412
  -1.513733684756145,  -1.210031111874444, -27.290395296379799
  -2.059437957563738,  -1.195289296992127, -27.532238210318976
  -2.615023213168904,  -1.165513725206908, -27.102930566717220
  -3.143555180232427,  -1.125411344565547, -25.747810798162451
  -3.644935645095402,  -1.076925116700519, -25.251876404482296
  -4.153630236411719,  -1.027884878784014, -23.774911210494587
  -4.595932093515185,  -0.967696847485179, -21.491369472113476
  -5.013285015296258,  -0.906197883091839, -20.470129883686859
  -5.414737288862660,  -0.840984087368697, -19.337617631273172
  -5.786789720547185,  -0.774888389092890, -18.396671818804641
  -6.150604161614845,  -0.711008586260998, -17.017188357730983
  -6.467477254856425,  -0.644612951549142, -14.721945064111708
  -6.739481964179314,  -0.568303968872875, -12.428267203426046
  -6.964607942993466,  -0.492887885861982, -10.017685898678842
  -7.140189400126467,  -0.411440543796401,  -8.254862523661433
  -7.294802443939924,  -0.337708443199197,  -6.581977212644019
  -7.403468488632228,  -0.263747236890787,  -4.255638262761585
  -7.465027974450387,  -0.190101868493043,  -1.773210204611586
  -7.474396896816692,  -0.116454032887633,   0.110610625920393
  -7.460603549413571,  -0.048777879290323,   2.038472081034004
  -7.392858013575331,   0.024400764420704,   4.571458211621748
  -7.277745220948701,   0.101332421325146,   6.627498950156352
  -7.127758055569077,   0.179577088811301,   9.166252147224796
  -6.911095135059710,   0.255427442884869,  11.584909888731975
  -6.664361660019798,   0.320463701229315,  12.864135762264905
  -6.396529704569113,   0.385266905083829,  14.349412153084163
  -6.090385173896432,   0.450040124885978,  15.949052235014349
  -5.758567615168539,   0.521241526017782,  17.601903855520117
  -5.386309019675627,   0.591267169376801,  19.361859548622064
  -4.984093233223657,   0.659776713182262,  21.018716900460063
  -4.545560343657225,   0.732531412351281,  22.586300022871807
  -4.080641232308785,   0.797903943129206,  24.017828125597759
  -3.584847218633314,   0.858805182726238,  25.183216945808248
  -3.073312554476455,   0.931258731622061,  25.794739455882109
  -2.553057640398030,   0.995973692473291,  26.507946472035826
  -2.012994695595022,   1.058733036538911,  27.369608182163546
  -1.458273313111488,   1.113228848714688,  28.089071612042520
  -0.889431831113321,   1.157898695694070,  28.219768084614937
  -0.329482589726890,   1.192498488795450,  28.176602554667138
   0.237632271073365,   1.218331718603676,  28.582804065425041
   0.813829572890111,   1.231261895043894,  28.511889454494874
   1.378107849253160,   1.234799607488935,  28.319634010563846
   1.946614933312665,   1.218702015971415,  27.608031663330490
   2.482429115786379,   1.171420332238021,  26.357638932041581
   3.000920490594329,   1.125922856808199,  25.655061087812570
   3.508631559298882,   1.073924254121142,  25.190824487118157
   4.008553470079055,   1.008264253277000,  23.884335247056732
   4.464004969181151,   0.945414164683894,  22.190500077750830
   4.896173473189088,   0.890914475854468,  20.812942249548549
   5.296522659163093,   0.817791143145698,  19.103986753670664
   5.660332943335915,   0.746515112986110,  17.560932415777899
   5.998959955794209,   0.684872154661710,  16.034606962069333
   6.301717221818688,   0.627621490978377,  14.100018153393368
   6.562960681929944,   0.556607028013490,  12.496304029957228
   6.801569383016977,   0.492121704635658,  11.015539356824689
   7.003582256202932,   0.417956612651997,   9.375819144279518
   7.176602148788158,   0.346818181662354,   7.056560393079558
   7.285844671926114,   0.257506193814235,   4.327856796530494
   7.349716420649377,   0.190699883504456,   2.659096568147312
   7.392208534652006,   0.137702709154455,   1.199715355905040
   7.397705034885579,   0.065298181530130,  -0.861574823841704
   7.357745541698338,  -0.009521216704330,  -3.236489984609836
   7.268245435501186,  -0.077980288019208,  -5.752270912359436
   7.127654705203961,  -0.157053958565631,  -7.856881116065217
   6.953970190858577,  -0.234703870307946,  -9.941754765030320
   6.729984514602748,  -0.308708820956255, -10.817262782010740
   6.521279679578147,  -0.327363437645439, -12.008382357462244
   6.249649220304258,  -0.399199541005022, -14.829705610460419
   5.928091455159731,  -0.489198991950996, -17.676259461284417
   5.542598841852882,  -0.602683989876756, -21.045346778601370
   5.086277584015676,  -0.708145717087948, -23.168553519389043
   4.615856701077320,  -0.784679382519743, -24.222651968993535
   4.117371505255934,  -0.851442561209061, -25.340222634681339
   3.602247795690066,  -0.902209769105605, -25.666426417335188
   3.090714448562527,  -0.953943076430969, -25.838364766687747
   2.568713205022556,  -1.001896093399110, -25.988466814041864
   2.051175776000852,  -1.047441361484288, -26.011278737260334
   1.528262055532143,  -1.089344010383087, -26.258003872494584
   1.000855621101069,  -1.131799685463212, -26.429571855261518
   0.471079181321682,  -1.163234987392624, -26.353973379945607
  -0.053303314096755,  -1.194081899387382, -26.253214758432147
  -0.579049409015604,  -1.216131186169459, -26.572205790478979
  -1.116191545715915,  -1.223369968256708, -26.512076325837786
  -1.639532462049115,  -1.215271347752070, -26.032445503812866
  -2.157489365868429,  -1.196728087391972, -25.903700079368964
  -2.675680465223874,  -1.161638484277436, -25.282372005875473
  -3.168784246103448,  -1.123092952680968, -23.909412977923573
  -3.632056984340817,  -1.102609852877255, -22.678968255252109
  -4.075942976313533,  -1.041443163093635, -21.942498342260265
  -4.509756918031227,  -0.978882003585364, -21.162155528045943
  -4.922429197435370,  -0.915079882537911, -20.297054179167205
  -5.321639085197916,  -0.851177007575013, -19.025491568605535
  -5.683448860179592,  -0.801035961500067, -17.148833751978287
  -6.007592435277047,  -0.766300780001187, -15.688074175143086
  -6.310971827185315,  -0.698961047549923, -14.024959757119682
  -6.568590825561834,  -0.594787896121594, -11.823663544864861
  -6.783918368979910,  -0.503751053952054, -10.171555689988509
  -6.975453053161375,  -0.437202942503991,  -8.306708532946040
  -7.116186710297751,  -0.358781368265167,  -6.153260264980420
  -7.221583463760592,  -0.293792089800232,  -4.496466936531962
  -7.296045387759030,  -0.223210417613296,  -2.442417464115465
  -7.319280162325210,  -0.153459346574484,  -0.281728873607023
  -7.307314542703311,  -0.085528927340682,   1.730521485212133
  -7.250059302916725,  -0.012669662279306,   3.594083116989011
  -7.163551218023750,   0.054243808269223,   5.193864260575287
  -7.042304732493713,   0.112438537247395,   7.017366161982119
  -6.882856571544465,   0.177150139021422,   8.653538315571318
  -6.696163199870861,   0.246156368547831,  10.525499062471312
  -6.461836609045613,   0.319958932320340,  13.105944097919963
  -6.171925435954062,   0.395943192233196,  15.603355235814330
  -5.837702399613040,   0.471644432605251,  16.913894268449425
  -5.495369665216085,   0.538367121050956,  18.468580699668657
  -5.098959171626293,   0.611956181030139,  20.581005666637029
  -4.672129438550604,   0.682220932322274,  21.711771346433380
  -4.230488317768958,   0.746272070868365,  22.977943064429873
  -3.753011715973409,   0.807968288613726,  24.255792845387916
  -3.260256603953442,   0.868005615828791,  24.940206725350411
  -2.755403446959392,   0.932074776647094,  25.820272996709157
  -2.227445684085075,   0.996266823175344,  27.316186329227431
  -1.662755993790295,   1.048280957818878,  27.731960556638882
  -1.118167261819520,   1.086643684655902,  27.621093196784813
  -0.557912265918903,   1.109275128716358,  28.077966684804188
   0.004951405572648,   1.139021102293262,  27.854336998564285
   0.556261214023669,   1.164455882502585,  27.177834701165605
   1.092064793619272,   1.174258293121599,  27.304548450658000
   1.648443152049989,   1.174006019551962,  27.238051856165573
   2.181586867865895,   1.158079788777041,  26.910451173815051
   2.724861199002591,   1.133329572831029,  26.910548244833933
   3.258008797659252,   1.098946537769026,  25.443604177089963
   3.742605366086190,   1.052058817654077,  23.629526843934300
   4.203189871416624,   0.999033597482458,  23.196377425132486
   4.670460463091489,   0.943262231044454,  22.650210525212277
   5.109198292425115,   0.886731134020412,  20.851583054069021
   5.504523785254250,   0.828113852229074,  19.794015052811485
   5.900958894537575,   0.760800731030436,  18.728229878207259
   6.253652980382540,   0.692790683208225,  16.821753036126296
   6.573829015982627,   0.626897129613978,  14.888845515868066
   6.849206801017263,   0.556313190334137,  13.012762411842015
   7.094339512456307,   0.499232398561421,  11.085345633723875
   7.292620626366218,   0.461415650935109,   8.907731723235424
   7.450648781385724,   0.372659288124105,   6.803794830101051
   7.564772419570260,   0.290165487603038,   3.752424979592472
   7.600745780569423,   0.163301175292718,   0.979480850314007
   7.603951653582820,   0.096037759991460,  -1.453685303671826
   7.542598368422550,   0.009235897486747,  -4.407365750788017
   7.427657023551300,  -0.074547770024161,  -6.663458036807324
   7.276060046950257,  -0.137306894410771,  -8.438205021069933
   7.090128822708502,  -0.206831665255468, -10.143198581869672
   6.870332103675470,  -0.276892529553788, -11.764441185156581
   6.619551175302239,  -0.344684739864573, -13.240538737611196
   6.340710554171022,  -0.398759136657859, -15.121745139694131
   6.014681369714474,  -0.457793605943058, -17.379990148555599
   5.645510948228798,  -0.524738776953290, -19.362614034886150
   5.240176808319028,  -0.596199454871118, -20.544251414738479
   4.823740891639259,  -0.665846431178064, -21.632017429794971
   4.374896111127229,  -0.729725097025095, -22.414238684418741
   3.927171344262510,  -0.794561169566209, -22.897571788827118
   3.458993239574144,  -0.854994346339892, -23.835106042132068
   2.973767102577227,  -0.918376016389560, -24.677516602725504
   2.471892575465124,  -0.981102323270433, -25.531996190003575
   1.952487254977084,  -1.042991419468023, -26.796604560645005
   1.400028393039324,  -1.106798101537668, -27.591380678080696
   0.848832027853856,  -1.164016344378724, -27.861126380311248
   0.285583337826874,  -1.214580698113953, -28.114068478513701
  -0.275730711286692,  -1.241878876196639, -27.630539885415374
  -0.819638257589741,  -1.238919411067888, -27.128780083194393
  -1.360881914614468,  -1.235687795921137, -26.907028555332630
  -1.895919399803046,  -1.213190986459391, -26.906291079272478
  -2.437133557785367,  -1.181141843827659, -26.206641142531197
  -2.944185045504294,  -1.141536539081904, -24.886558632619515
  -3.432595903090148,  -1.092788911068819, -24.136747380929645
  -3.909654940741480,  -1.043910899747114, -23.542091651668159
  -4.374279569156874,  -0.988131349454956, -22.751418425541360
  -4.819711677763134,  -0.926267899061147, -21.420276669933802
  -5.231090635954226,  -0.863138202510181, -19.882284924809191
  -5.615003074755502,  -0.795899631183415, -18.400989521338218
  -5.967130216807755,  -0.723278917795681, -16.309380294603514
  -6.267378286539643,  -0.649744523597755, -14.436478346793846
  -6.544589350679509,  -0.586937478882718, -13.229319313948151
  -6.796551059097569,  -0.513990155792724, -11.702637846246521
  -7.012694864529370,  -0.444908912284732,  -9.569627145603965
  -7.179336144921727,  -0.348387368351583,  -7.198835381366031
  -7.300648279784011,  -0.271712173737985,  -4.479906485069907
  -7.358532404324523,  -0.194893326690798,  -2.254567197359969
  -7.390830967678410,  -0.117968575132643,  -0.726750071653393
  -7.387602407190659,  -0.051398681611915,   1.980624732581471
  -7.311605978375151,   0.019325245979996,   3.857226091577659
  -7.233313363527553,   0.093277264574389,   5.577929017276673
  -7.088488817684084,   0.163564225659538,   8.143322456588574
  -6.907580465264010,   0.237471258560381,  10.168300715252986
  -6.681756789073964,   0.311247638364409,  12.057506236210337
  -6.425280215815596,   0.375108447612365,  13.797935740722167
  -6.129839359445078,   0.445895022535630,  15.171227875817817
  -5.818431100782884,   0.503470224123519,  16.681050726924539
  -5.462597330368096,   0.571057004818239,  18.462805802387948
  -5.079918868687366,   0.641319928699928,  19.985483561329161
  -4.663177987914930,   0.706233262794744,  21.787362781129826
  -4.208424357442173,   0.779850000950032,  23.172862415298368
  -3.736263491302995,   0.841175594539865,  23.797356174612169
  -3.256530110457686,   0.896679118226683,  24.364166813460798
  -2.761696818764563,   0.963790741029778,  25.668129298571706
  -2.229804938514818,   1.021835416484906,  26.672181808225851
  -1.694809546435529,   1.069178654241110,  26.782545240848599
  -1.158503128880874,   1.106522710429327,  27.029841907557781
  -0.613615870133218,   1.140120969890513,  27.181124758719498
  -0.071258138532094,   1.165336552966439,  26.828238435209016
   0.459513667275143,   1.184187003026333,  26.354510661377844
   0.982922287923020,   1.193340094785148,  26.155328936468706
   1.505726824733892,   1.186685302766511,  26.259943892633082
   2.033320043628343,   1.162814354946179,  26.376696084888806
   2.560794668129444,   1.124364670064377,  25.883524847367646
   3.068661037523049,   1.080525988729759,  25.176877439581435
   3.567869765712701,   1.039429993074295,  23.919229544919496
   4.025430219319829,   0.985161217150728,  22.095008998350309
   4.451670125646713,   0.927972297166988,  20.684576505709785
   4.852813279548220,   0.876295917812182,  19.819796453030978
   5.244461983767953,   0.816927837458791,  18.947832581134303
   5.610726582793593,   0.748614151604107,  17.483501888479157
   5.943802059307119,   0.684186885985765,  15.182063742866148
   6.218009132508239,   0.589504052793416,  13.128379066889373
   6.468937221982694,   0.523317818628702,  11.787607073228902
   6.689513415437395,   0.461458048041558,   9.901438184817124
   6.864994749375379,   0.385610405167189,   7.659316529551186
   6.995886076619442,   0.322488321895058,   5.634405994391334
   7.090370989151032,   0.259518607620827,   4.660761326000751
   7.182316529659472,   0.233997552373475,   3.324292294692044
   7.223342680938714,   0.183735163593225,   2.043528776829362
   7.264057680732646,   0.114887255943279,   0.287933637202809
   7.234860026426826,   0.038210914493192,  -2.560460825199318
   7.161639247724674,  -0.038850684492742,  -4.915049638288793
   7.038258040895275,  -0.112880184762530,  -7.338190897388674
   6.868111611829127,  -0.201470415306691,  -9.971479699465879
   6.639398852916639,  -0.289076369785416, -12.130530560640462
   6.382890389403508,  -0.364417817623810, -14.076031554933222
   6.076357590719311,  -0.437871482435951, -15.722386848128743
   5.753994915478359,  -0.504116877269254, -17.676503673308751
   5.369297443786960,  -0.573532313535632, -19.687370021753516
   4.966500114608218,  -0.644714637713043, -20.994481283662878
   4.529518192440445,  -0.715214822186148, -23.028525636627073
   4.045359089143135,  -0.785280583223482, -24.651229509555517
   3.543469012058225,  -0.850354133514160, -24.710255804325509
   3.056948856970115,  -0.901536272591842, -24.149706479081789
   2.577480752894953,  -0.961473224958738, -24.407872775927508
   2.080633945933014,  -1.019063824870577, -25.892794101128011
   1.541768988849832,  -1.077587650364050, -26.898765804845940
   1.004683313739177,  -1.135384980087339, -27.132565271014883
   0.456466378009237,  -1.186596161410889, -27.643420606703017
  -0.101053510528944,  -1.211138965588990, -27.609059328246907
  -0.647895995120639,  -1.224407886242446, -27.674012563807466
  -1.208014013081243,  -1.237842742060424, -27.210263193957530
  -1.736306522878940,  -1.223865134247111, -25.694066422003267
  -2.235776669961373,  -1.202598307707551, -25.987122163362862
  -2.775791409413455,  -1.158803735116219, -25.202541620295815
  -3.243878334773206,  -1.112199713053003, -23.692962776862061
  -3.723509920487937,  -1.054722770107698, -23.327670406613098
  -4.176985151037730,  -0.997446543882577, -21.862155517018842
  -4.597996141168691,  -0.939385270992572, -20.523268514360616
  -4.997915891612155,  -0.881947651197460, -20.272950389173403
  -5.408914156735627,  -0.820654996567712, -18.923115323341896
  -5.754840504545831,  -0.758918352506608, -16.061476670490983
  -6.051373223555267,  -0.693015150037053, -14.747614324153169
  -6.344745077511957,  -0.625347198780814, -14.042475544769029
  -6.613072245346028,  -0.565404760527290, -12.471580968187856
  -6.843608316239472,  -0.502368973229834, -11.194989866609895
  -7.060871840010424,  -0.430830389142830,  -8.992573182276287
  -7.203311243530523,  -0.348961986916450,  -5.854576776942588
  -7.295054911088127,  -0.270400192215852,  -3.270728655120392
  -7.334140389735339,  -0.194407091764263,  -1.228411217327596
  -7.344191359781231,  -0.121265626607535,   0.370376714013365
  -7.319325321174804,  -0.053484482041923,   1.841774276383501
  -7.270520388725891,   0.020037587622621,   4.185909572856139
  -7.151888938260559,   0.102452498035024,   6.980226654084754
  -6.991311322562501,   0.180390240446007,   9.481121001864290
  -6.772644098185987,   0.254674856972267,  11.471839590195465
  -6.532437738954682,   0.323156628023352,  12.783256591243418
  -6.261313834536250,   0.391700180113767,  14.492056110745200
  -5.952755494524874,   0.464182396121077,  16.655412554117600
  -5.595097332371546,   0.540563489443556,  18.539683137864003
  -5.211168169010314,   0.608002468551217,  19.877265664192436
  -4.800006705803849,   0.674891105124700,  21.175887299828908
  -4.364132677017158,   0.744737427143794,  22.462744004615264
  -3.901496945619238,   0.809529626722575,  23.624275916314254
  -3.419161640364587,   0.864677592783620,  24.869948541529940
  -2.906699003958041,   0.932539634035186,  25.789537380622296
  -2.387580145139696,   0.993571991467975,  26.496995590315663
  -1.846819180345414,   1.049571035213771,  27.208057502094796
  -1.299257845055904,   1.104773707323587,  27.474013349367560
  -0.747858646370712,   1.157118576829916,  27.947381747987158
  -0.181362575136417,   1.201857367393841,  28.233820844808697
   0.381494187421636,   1.225490996735011,  27.964120185747710
   0.937202232293491,   1.239774365999080,  27.735680112007913
   1.490921391901953,   1.239994449653471,  27.459067083309080
   2.035564915625854,   1.217372769663252,  26.869129665604298
   2.565686578526125,   1.180209603507843,  26.374555297512337
   3.090547127526348,   1.133775820160364,  25.314516568244663
   3.578267241255911,   1.074995189868563,  23.849458588994032
   4.044525471086109,   1.020120327763648,  23.326803847976841
   4.511339395174985,   0.960875984405278,  22.072825542294105
   4.927438492777873,   0.897387028913147,  20.563362344887203
   5.333873888970473,   0.832351290935356,  19.497845593987662
   5.707352316537380,   0.762601093660271,  17.938695019770368
   6.051421689761288,   0.693848148521369,  16.968616898484036
   6.386096992476741,   0.643847732052558,  15.607942426452182
   6.675739386819375,   0.575362890888916,  13.212155474538001
   6.914583211458261,   0.507548072584368,  10.902069101534329
   7.111822150880748,   0.432624718527604,   9.144361405298241
   7.280357667670191,   0.365618680088752,   7.313181940645230
   7.404349428506557,   0.284247203643481,   5.056757597222705
   7.482627971559099,   0.208815143698287,   2.660763971173186
   7.510779987353485,   0.127978622635285,  -0.247652278593358
   7.472721880415365,   0.023223299566058,  -3.212897985255547
   7.382264067943263,  -0.047742156852680,  -5.795300566812767
   7.240909857742854,  -0.117930559749344,  -7.779584795520966
   7.071080676122424,  -0.188917336152323,  -9.009132190291936
   6.880544570131176,  -0.249849316088402, -10.425977909153161
   6.654041559756298,  -0.310029936856219, -12.026109410930497
   6.399500193693957,  -0.375862758480717, -14.019784526272216
   6.093250178705409,  -0.442090910778910, -16.102376107908832
   5.755405149377603,  -0.511943565644426, -18.262645019196498
   5.362744377937549,  -0.588539689837325, -21.260399767784332
   4.904989158666230,  -0.688106989688785, -23.135270773319668
   4.437333547004762,  -0.758974276939072, -23.590295686551276
   3.961377331204179,  -0.818901567837985, -23.804286685208975
   3.485162079596403,  -0.875974245715608, -23.699021437670119
   3.013416473697374,  -0.926695487582245, -24.486311279184658
   2.505709628429017,  -0.979475903460510, -25.293991659581103
   2.001656807314130,  -1.032118889646008, -25.566670140016228
   1.483042822828368,  -1.079567516273687, -25.732773561768227
   0.972345864843401,  -1.122529393776967, -25.848832732558197
   0.449089513526040,  -1.158498917863983, -26.602008985691509
  -0.091734494584259,  -1.188777584832738, -26.667367383021162
  -0.617605181794807,  -1.214763965015065, -26.307128199666955
  -1.144019622570938,  -1.229296323053566, -25.824410174342376
  -1.650581588768502,  -1.226506608468004, -25.298541085421622
  -2.155961265987802,  -1.201966525418702, -24.833282314479316
  -2.643912881347674,  -1.163133484169462, -24.336729089473295
  -3.129430429566734,  -1.119680394746776, -24.020308675782395
  -3.604725228378970,  -1.058864615394050, -22.986630944365860
  -4.048895667341369,  -1.006750147211570, -21.495239864971193
  -4.464534822977818,  -0.951627203861218, -20.395550209038383
  -4.864717675702904,  -0.896452341112135, -19.501798499344346
  -5.244606762951592,  -0.835726822681584, -17.976715531125720
  -5.583786296947933,  -0.771873380694767, -16.546559154808428
  -5.906469129143929,  -0.704224982980156, -14.977039170485028
  -6.182867863767334,  -0.641579815474512, -13.320684992175158
  -6.439296528830935,  -0.578444013463794, -12.346670673353376
  -6.676734690701469,  -0.511331981181731, -10.539324080078405
  -6.860869492034071,  -0.445852720681644,  -8.794058904516234
  -7.028497046882118,  -0.384624661076079,  -7.407483706864681
  -7.157168840308659,  -0.315858486987860,  -5.287810500172641
  -7.240009466889024,  -0.238261586775321,  -2.816523653271386
  -7.269829786439514,  -0.165631072988523,  -0.897492576978420
  -7.275909169968161,  -0.092285033767559,   0.943748272291467
  -7.232079855547855,  -0.019299944621352,   3.147342522391527
  -7.150015469072500,   0.055071232490663,   5.373744328447194
  -7.017130082409968,   0.134724354181240,   8.038951454989052
  -6.828457410872938,   0.207686662433559,  10.239140358888221
  -6.607564468054439,   0.276931421919002,  11.703466170290056
  -6.360318764061335,   0.335972769681256,  13.469028468639600
  -6.068803329308855,   0.397175364201822,  14.753038805590091
  -5.770197211837732,   0.462671253085417,  16.507592988484188
  -5.408499609769487,   0.532610616816135,  17.967597125527114
  -5.051493326816647,   0.592298752805945,  18.980287156131645
  -4.649288123524221,   0.657355264565304,  20.197212768180272
  -4.243604816089436,   0.724723975891865,  21.862662672637455
  -3.774781616618723,   0.792663180272305,  23.644763004419090
  -3.297814295912673,   0.856037306901711,  25.466581904296547
  -2.756118340446861,   0.923360008887027,  26.834077976823224
  -2.224451176839744,   0.988520172534684,  26.810013604385286
  -1.683717796271450,   1.023008529455123,  28.068651772334690
  -1.101705105946356,   1.079211856377005,  28.296048708289256
  -0.551875847939880,   1.131263050135155,  28.023637527780092
   0.019240395164847,   1.177604858914277,  28.224236004154356
   0.577093592226295,   1.204207580204409,  27.621490818066981
   1.124100027887527,   1.206829741316230,  27.624355335003564
   1.682067805626437,   1.191100396085442,  27.597870464164913
   2.228014846454123,   1.168217513598196,  26.929891253567490
   2.759263455769137,   1.127652224879183,  26.269598327004360
   3.278798779534298,   1.083437169242119,  25.399756869368083
   3.775253730543860,   1.035342483458540,  24.355156015549827
   4.253005020156291,   0.983359333464272,  23.751901301092857
   4.725329782587575,   0.925441609352819,  22.964825605106618
   5.171598044360556,   0.864124026321813,  21.080579285746182
   5.568552954017422,   0.805434971412411,  18.340475401639857
   5.905217060426150,   0.732463988924392,  16.817289611567411
   6.241244538480118,   0.657957865496777,  15.013870732783019
   6.505771889737471,   0.584483377756048,  13.031956987516846
   6.762522817980792,   0.523108877985635,  12.417601615553409
   7.002475954359607,   0.478186037758795,  10.831492284501842
   7.195782509360866,   0.403286106958991,   8.269706995785331
   7.333264234191020,   0.328025839630891,   5.886276205358909
   7.431233557575222,   0.259188240616891,   4.187946485829963
   7.500782093624219,   0.183927154293515,   1.718894649090807
   7.499989343538854,   0.115643700233537,  -0.521326199434879
   7.479929045646823,   0.047253579614005,  -2.419433522248737
   7.403212002648905,  -0.028289411014705,  -4.834059301116822
   7.286566673602151,  -0.097285142855822,  -6.812048244675761
   7.130730072861875,  -0.175798524577060,  -8.937451532885454
   6.929068612286732,  -0.253445221274674, -10.926618240439833
   6.693665343244281,  -0.320845014595232, -12.754612061523440
   6.418884129825795,  -0.398394205721133, -14.717022002442338
   6.104984463146588,  -0.471029177670400, -16.441826717478627
   5.761211061126650,  -0.540134253019664, -19.036951106802146
   5.343506418874502,  -0.635344498914496, -21.827905400843004
   4.888094845092930,  -0.720978349759618, -23.227582733781226
   4.414403109523253,  -0.748920162374734, -23.782146527831905
   3.936808983979653,  -0.802005159526773, -23.492692314797914
   3.474695416931336,  -0.873323229096524, -23.853981368392784
   2.982649729243942,  -0.941792008122881, -24.967436051985459
   2.475997974851918,  -1.004405389242153, -25.330827416029738
   1.969416632602752,  -1.050706203784647, -26.242415853678999
   1.426301340704758,  -1.105033653562129, -27.652706737421731
   0.863308363105883,  -1.169009481609780, -28.341961001754889
   0.292622900634562,  -1.206236087620490, -28.293268970542478
  -0.268422395715816,  -1.222340518218443, -27.560075958092799
  -0.809780137689150,  -1.228925750559585, -27.635064941662314
  -1.373824993382309,  -1.221185455061249, -28.202242784657937
